 Ref_Format,Video_Format,H_Timing,V_Timing
1080i5994,1080i5994,0.93,0 line
720p5994,1080i5994,1.14,0 line
525i5994,1080i5994,0.02,0 line
1080i5994,720p5994,0.87,0 line
720p5994,720p5994,0.94,0 line
525i5994,720p5994,0.27,0 line
1080i5994,1080p5994_A,1.17,  4 lines delayed
720p5994,1080p5994_A,6.29,  4 lines delayed
525i5994,1080p5994_A,7.14,160 lines advanced
1080i5994,525i5994,3.25,0 line
720p5994,525i5994,3.25,0 line
525i5994,525i5994,2.44,0 line
1080i5000,1080i5000,0.87,0 line
720p5000,1080i5000,0.97,0 line
625i5000,1080i5000,0.98,0 line
1080i5000,720p5000,0.95,0 line
720p5000,720p5000,0.91,0 line
625i5000,720p5000,0.9,0 line
720p5000,1080p5000_A,0.09,0 line
625i5000,1080p5000_A,8.29,  2 lines delayed
1080i5000,625i5000,1.33,0 line
720p5000,625i5000,1.11,0 line
625i5000,625i5000,3.18,0 line
1080i5994,1080i5994,0.93,0 line
720p5994,1080i5994,0.95,0 line
525i5994,1080i5994,0.04,0 line
1080i5994,720p5994,0.94,0 line
720p5994,720p5994,1.33,0 line
525i5994,720p5994,0.04,0 line
1080i5994,1080p5994_A,0.16,0 line
720p5994,1080p5994_A,0.43,0 line
525i5994,1080p5994_A,5.6,376 lines delayed
1080i5994,525i5994,3.25,0 line
720p5994,525i5994,3.55,0 line
525i5994,525i5994,2.59,0 line
1080i5000,1080i5000,0.88,0 line
720p5000,1080i5000,0.94,0 line
625i5000,1080i5000,0.17,0 line
1080i5000,720p5000,0.94,0 line
720p5000,720p5000,0.94,0 line
625i5000,720p5000,0.26,0 line
1080i5000,1080p5000_A,2.72,  4 lines delayed
720p5000,1080p5000_A,6.22,  4 lines delayed
625i5000,1080p5000_A,0.88,0 line
1080i5000,625i5000,1.33,0 line
720p5000,625i5000,1.18,0 line
625i5000,625i5000,2.74,0 line
1080i5994,1080i5994,0.93,0 line
720p5994,1080i5994,1.13,0 line
525i5994,1080i5994,0.09,0 line
1080i5994,720p5994,0.91,0 line
720p5994,720p5994,1.37,0 line
525i5994,720p5994,0.08,0 line
1080i5994,1080p5994_A,1.57,  4 lines delayed
720p5994,1080p5994_A,5.89,  4 lines delayed
525i5994,1080p5994_A,0.76,0 line
1080i5994,525i5994,3.33,0 line
720p5994,525i5994,3.77,0 line
525i5994,525i5994,2.66,0 line
1080i5000,1080i5000,0.88,0 line
720p5000,1080i5000,0.98,0 line
625i5000,1080i5000,0.22,0 line
1080i5000,720p5000,0.92,0 line
720p5000,720p5000,0.92,0 line
625i5000,720p5000,0.28,0 line
1080i5000,1080p5000_A,0.18,0 line
720p5000,1080p5000_A,8.75,0 line
625i5000,1080p5000_A,0.79,301 lines delayed
1080i5000,625i5000,1.33,0 line
720p5000,625i5000,0.96,0 line
625i5000,625i5000,2.51,0 line
1080i5994,1080i5994,0.94,0 line
720p5994,1080i5994,1.28,0 line
525i5994,1080i5994,0.02,0 line
1080i5994,720p5994,0.91,0 line
720p5994,720p5994,0.75,0 line
525i5994,720p5994,0.16,0 line
1080i5994,1080p5994_A,6.21, 56 lines delayed
720p5994,1080p5994_A,5.89,  5 lines delayed
525i5994,1080p5994_A,6.16,557 lines delayed
1080i5994,525i5994,3.25,0 line
720p5994,525i5994,3.92,0 line
525i5994,525i5994,2.51,0 line
1080i5000,1080i5000,0.87,0 line
720p5000,1080i5000,0.94,0 line
625i5000,1080i5000,0.35,0 line
1080i5000,720p5000,0.95,0 line
720p5000,720p5000,1.02,0 line
625i5000,720p5000,0.47,0 line
1080i5000,1080p5000_A,2.66,  4 lines delayed
720p5000,1080p5000_A,0.14,0 line
625i5000,1080p5000_A,2.68, 85 lines advanced
1080i5000,625i5000,1.25,0 line
720p5000,625i5000,1.11,0 line
625i5000,625i5000,2.66,0 line
1080i5994,1080i5994,0.9,0 line
720p5994,1080i5994,1.2,0 line
525i5994,1080i5994,0.08,0 line
1080i5994,720p5994,0.87,0 line
720p5994,720p5994,1.26,0 line
525i5994,720p5994,0.13,0 line
1080i5994,1080p5994_A,0.13,0 line
720p5994,1080p5994_A,0.14,0 line
525i5994,1080p5994_A,1.09,0 line
1080i5994,525i5994,0.08,0 line
720p5994,525i5994,3.18,0 line
525i5994,525i5994,2.44,0 line
1080i5000,1080i5000,0.88,0 line
720p5000,1080i5000,0.92,0 line
625i5000,1080i5000,0.4,0 line
1080i5000,720p5000,0.95,0 line
720p5000,720p5000,1.29,0 line
625i5000,720p5000,0.14,0 line
720p5000,1080p5000_A,0.14,0 line
625i5000,1080p5000_A,8.39,230 lines advanced
1080i5000,625i5000,1.33,0 line
720p5000,625i5000,1.11,0 line
625i5000,625i5000,2.74,0 line
1080i5994,1080i5994,0.98,0 line
720p5994,1080i5994,1.3,0 line
1080i5994,720p5994,0.93,0 line
720p5994,720p5994,1.11,0 line
525i5994,720p5994,0.08,0 line
1080i5994,1080p5994_A,0.16,0 line
720p5994,1080p5994_A,5.82,160 lines advanced
525i5994,1080p5994_A,1.1,0 line
1080i5994,525i5994,3.33,0 line
720p5994,525i5994,3.48,0 line
525i5994,525i5994,2.44,0 line
1080i5000,1080i5000,0.87,0 line
720p5000,1080i5000,0.92,0 line
625i5000,1080i5000,0.24,0 line
1080i5000,720p5000,0.94,0 line
720p5000,720p5000,0.94,0 line
625i5000,720p5000,0.75,0 line
1080i5000,1080p5000_A,2.47,  4 lines delayed
720p5000,1080p5000_A,6.46,  4 lines delayed
625i5000,1080p5000_A,6.35,140 lines delayed
1080i5000,625i5000,1.33,0 line
720p5000,625i5000,1.11,0 line
625i5000,625i5000,2.66,0 line
1080i5994,1080i5994,0.95,0 line
720p5994,1080i5994,0.86,0 line
525i5994,1080i5994,0.1,0 line
1080i5994,720p5994,0.89,0 line
720p5994,720p5994,1.26,0 line
525i5994,720p5994,0.44,0 line
1080i5994,1080p5994_A,1.52,  4 lines delayed
720p5994,1080p5994_A,0.08,0 line
525i5994,1080p5994_A,4.55, 11 lines advanced
1080i5994,525i5994,3.33,0 line
720p5994,525i5994,3.11,0 line
525i5994,525i5994,2.74,0 line
1080i5000,1080i5000,0.88,0 line
720p5000,1080i5000,0.94,0 line
625i5000,1080i5000,0.24,0 line
1080i5000,720p5000,0.94,0 line
720p5000,720p5000,1.29,0 line
625i5000,720p5000,0.25,0 line
1080i5000,1080p5000_A,3.23, 52 lines delayed
720p5000,1080p5000_A,0.17,0 line
625i5000,1080p5000_A,1.01,0 line
1080i5000,625i5000,1.25,0 line
720p5000,625i5000,1.18,0 line
625i5000,625i5000,2.74,0 line
1080i5994,1080i5994,0.97,0 line
720p5994,1080i5994,1.3,0 line
525i5994,1080i5994,0.13,0 line
1080i5994,720p5994,0.93,0 line
720p5994,720p5994,1.29,0 line
1080i5994,1080p5994_A,6.13, 56 lines delayed
720p5994,1080p5994_A,0.17,0 line
525i5994,1080p5994_A,4.82, 11 lines advanced
1080i5994,525i5994,3.33,0 line
720p5994,525i5994,3.4,0 line
525i5994,525i5994,2.44,0 line
1080i5000,1080i5000,0.87,0 line
720p5000,1080i5000,0.98,0 line
625i5000,1080i5000,0.49,0 line
1080i5000,720p5000,0.94,0 line
720p5000,720p5000,1.02,0 line
625i5000,720p5000,0.35,0 line
1080i5000,1080p5000_A,0.53, 51 lines delayed
720p5000,1080p5000_A,7.04,261 lines advanced
625i5000,1080p5000_A,1.15,259 lines advanced
1080i5000,625i5000,0.96,0 line
720p5000,625i5000,1.18,0 line
625i5000,625i5000,3.48,0 line
1080i5994,1080i5994,0.93,0 line
720p5994,1080i5994,1.21,0 line
525i5994,1080i5994,0.01,0 line
1080i5994,720p5994,0.93,0 line
720p5994,720p5994,0.74,0 line
525i5994,720p5994,0.12,0 line
1080i5994,1080p5994_A,1.41,  4 lines delayed
720p5994,1080p5994_A,0.08,0 line
525i5994,1080p5994_A,0.97,0 line
1080i5994,525i5994,3.33,0 line
720p5994,525i5994,3.33,0 line
525i5994,525i5994,2.44,0 line
1080i5000,1080i5000,0.87,0 line
720p5000,1080i5000,0.97,0 line
625i5000,1080i5000,0.12,0 line
1080i5000,720p5000,0.94,0 line
720p5000,720p5000,0.92,0 line
625i5000,720p5000,0.21,0 line
1080i5000,1080p5000_A,2.77,  4 lines delayed
720p5000,1080p5000_A,8.76,0 line
625i5000,1080p5000_A,0.56,  2 lines delayed
1080i5000,625i5000,1.33,0 line
720p5000,625i5000,1.11,0 line
625i5000,625i5000,2.74,0 line
1080i5994,1080i5994,0.94,0 line
720p5994,1080i5994,0.8,0 line
525i5994,1080i5994,0.33,0 line
1080i5994,720p5994,0.89,0 line
720p5994,720p5994,1.09,0 line
525i5994,720p5994,0.14,0 line
1080i5994,1080p5994_A,1.55,  4 lines delayed
720p5994,1080p5994_A,5.91,0 line
525i5994,1080p5994_A,0.8,0 line
1080i5994,525i5994,3.33,0 line
720p5994,525i5994,3.85,0 line
525i5994,525i5994,2.74,0 line
1080i5000,1080i5000,0.88,0 line
720p5000,1080i5000,0.95,0 line
625i5000,1080i5000,0.2,0 line
1080i5000,720p5000,0.95,0 line
720p5000,720p5000,1.32,0 line
625i5000,720p5000,0.02,0 line
720p5000,1080p5000_A,0.1,0 line
625i5000,1080p5000_A,7.3,322 lines advanced
1080i5000,625i5000,1.25,0 line
720p5000,625i5000,0.96,0 line
625i5000,625i5000,2.66,0 line
1080i5994,1080i5994,0.93,0 line
720p5994,1080i5994,1.09,0 line
525i5994,1080i5994,0.47,0 line
1080i5994,720p5994,0.95,0 line
720p5994,720p5994,1.13,0 line
525i5994,720p5994,0.01,0 line
1080i5994,1080p5994_A,1.51,  4 lines delayed
720p5994,1080p5994_A,0.25,0 line
525i5994,1080p5994_A,4.89, 11 lines advanced
1080i5994,525i5994,3.33,0 line
720p5994,525i5994,3.33,0 line
525i5994,525i5994,2.51,0 line
1080i5000,1080i5000,0.88,0 line
720p5000,1080i5000,0.92,0 line
625i5000,1080i5000,0.1,0 line
1080i5000,720p5000,0.97,0 line
720p5000,720p5000,0.88,0 line
625i5000,720p5000,0.31,0 line
1080i5000,1080p5000_A,2.54,  4 lines delayed
720p5000,1080p5000_A,0.14,0 line
625i5000,1080p5000_A,8.05,  2 lines delayed
1080i5000,625i5000,1.33,0 line
720p5000,625i5000,1.18,0 line
625i5000,625i5000,2.81,0 line
1080i5994,1080i5994,0.95,0 line
720p5994,1080i5994,1.11,0 line
525i5994,1080i5994,0.28,0 line
1080i5994,720p5994,0.91,0 line
720p5994,720p5994,1.3,0 line
525i5994,720p5994,0.02,0 line
720p5994,1080p5994_A,0.05,0 line
525i5994,1080p5994_A,1.06,0 line
1080i5994,525i5994,3.33,0 line
720p5994,525i5994,3.85,0 line
525i5994,525i5994,2.44,0 line
1080i5000,1080i5000,0.87,0 line
720p5000,1080i5000,0.94,0 line
625i5000,1080i5000,0.39,0 line
1080i5000,720p5000,0.97,0 line
720p5000,720p5000,0.88,0 line
625i5000,720p5000,0.05,0 line
1080i5000,1080p5000_A,2.8,  4 lines delayed
720p5000,1080p5000_A,0.22,0 line
625i5000,1080p5000_A,1.06,0 line
1080i5000,625i5000,1.33,0 line
720p5000,625i5000,1.11,0 line
625i5000,625i5000,2.88,0 line
1080i5994,1080i5994,0.91,0 line
720p5994,1080i5994,0.58,0 line
525i5994,1080i5994,0.06,0 line
1080i5994,720p5994,0.91,0 line
720p5994,720p5994,1.22,0 line
525i5994,720p5994,0.32,0 line
1080i5994,1080p5994_A,1.26,  4 lines delayed
720p5994,1080p5994_A,7.33,0 line
525i5994,1080p5994_A,6.93,528 lines advanced
1080i5994,525i5994,3.33,0 line
720p5994,525i5994,3.7,0 line
525i5994,525i5994,2.44,0 line
1080i5000,1080i5000,0.87,0 line
720p5000,1080i5000,1.15,0 line
625i5000,1080i5000,0.18,0 line
1080i5000,720p5000,0.94,0 line
720p5000,720p5000,1.3,0 line
625i5000,720p5000,0.12,0 line
1080i5000,1080p5000_A,2.7,  4 lines delayed
720p5000,1080p5000_A,6.23,  4 lines delayed
625i5000,1080p5000_A,0.74,0 line
1080i5000,625i5000,1.25,0 line
720p5000,625i5000,1.11,0 line
625i5000,625i5000,2.74,0 line
1080i5994,1080i5994,0.97,0 line
720p5994,1080i5994,1.37,0 line
525i5994,1080i5994,0.22,0 line
1080i5994,720p5994,0.93,0 line
720p5994,720p5994,0.82,0 line
525i5994,720p5994,0.17,0 line
1080i5994,1080p5994_A,0.13,0 line
720p5994,1080p5994_A,0.1,0 line
525i5994,1080p5994_A,1.06,0 line
1080i5994,525i5994,7.07, 57 lines advanced
720p5994,525i5994,3.4,0 line
525i5994,525i5994,2.51,0 line
1080i5000,1080i5000,0.87,0 line
720p5000,1080i5000,0.95,0 line
625i5000,1080i5000,0.24,0 line
1080i5000,720p5000,0.94,0 line
720p5000,720p5000,0.9,0 line
625i5000,720p5000,0.26,0 line
1080i5000,1080p5000_A,0.18,0 line
720p5000,1080p5000_A,0.14,0 line
625i5000,1080p5000_A,0.74,0 line
1080i5000,625i5000,1.33,0 line
720p5000,625i5000,1.11,0 line
625i5000,625i5000,3.03,0 line
1080i5994,1080i5994,0.91,0 line
720p5994,1080i5994,1.13,0 line
525i5994,1080i5994,0.1,0 line
1080i5994,720p5994,0.89,0 line
720p5994,720p5994,1.3,0 line
525i5994,720p5994,0.24,0 line
1080i5994,1080p5994_A,0.13,0 line
720p5994,1080p5994_A,0.1,0 line
525i5994,1080p5994_A,6.79,119 lines advanced
1080i5994,525i5994,3.33,0 line
720p5994,525i5994,3.33,0 line
525i5994,525i5994,2.44,0 line
1080i5000,1080i5000,0.88,0 line
720p5000,1080i5000,0.97,0 line
625i5000,1080i5000,0.7,0 line
1080i5000,720p5000,0.97,0 line
720p5000,720p5000,0.99,0 line
625i5000,720p5000,0.52,0 line
720p5000,1080p5000_A,5.13,118 lines delayed
625i5000,1080p5000_A,5.81,443 lines advanced
1080i5000,625i5000,1.33,0 line
720p5000,625i5000,1.11,0 line
625i5000,625i5000,2.81,0 line
1080i5994,1080i5994,0.93,0 line
720p5994,1080i5994,1.15,0 line
525i5994,1080i5994,0.09,0 line
1080i5994,720p5994,0.93,0 line
720p5994,720p5994,0.93,0 line
525i5994,720p5994,0.12,0 line
1080i5994,1080p5994_A,0.16,0 line
720p5994,1080p5994_A,4.35, 49 lines advanced
525i5994,1080p5994_A,4.62, 11 lines advanced
1080i5994,525i5994,3.4,0 line
720p5994,525i5994,3.92,0 line
525i5994,525i5994,2.51,0 line
1080i5000,1080i5000,0.87,0 line
720p5000,1080i5000,0.98,0 line
625i5000,1080i5000,0.14,0 line
1080i5000,720p5000,0.94,0 line
720p5000,720p5000,0.95,0 line
625i5000,720p5000,0.26,0 line
720p5000,1080p5000_A,0.13,0 line
625i5000,1080p5000_A,0.86,0 line
1080i5000,625i5000,1.18,0 line
720p5000,625i5000,1.03,0 line
625i5000,625i5000,2.74,0 line
1080i5994,1080i5994,0.95,0 line
720p5994,1080i5994,1.1,0 line
1080i5994,720p5994,0.93,0 line
720p5994,720p5994,1.28,0 line
525i5994,720p5994,0.04,0 line
1080i5994,1080p5994_A,1.38,  4 lines delayed
720p5994,1080p5994_A,0.18,0 line
525i5994,1080p5994_A,0.79,0 line
1080i5994,525i5994,3.33,0 line
720p5994,525i5994,3.18,0 line
525i5994,525i5994,2.51,0 line
1080i5000,1080i5000,2.51,0 line
720p5000,1080i5000,1.11,0 line
625i5000,1080i5000,0.36,0 line
1080i5000,720p5000,0.94,0 line
720p5000,720p5000,0.94,0 line
625i5000,720p5000,0.2,0 line
1080i5000,1080p5000_A,0.24,  2 lines advanced
720p5000,1080p5000_A,0.09,0 line
625i5000,1080p5000_A,8.29,  2 lines delayed
1080i5000,625i5000,1.33,0 line
720p5000,625i5000,1.11,0 line
625i5000,625i5000,2.66,0 line
1080i5994,1080i5994,0.93,0 line
720p5994,1080i5994,1.26,0 line
525i5994,1080i5994,0.05,0 line
1080i5994,720p5994,0.89,0 line
720p5994,720p5994,1.32,0 line
525i5994,720p5994,0.04,0 line
1080i5994,1080p5994_A,1.1,  4 lines delayed
720p5994,1080p5994_A,0.05,0 line
525i5994,1080p5994_A,0.64,0 line
1080i5994,525i5994,3.33,0 line
720p5994,525i5994,3.33,0 line
525i5994,525i5994,2.51,0 line
1080i5000,1080i5000,0.9,0 line
720p5000,1080i5000,0.95,0 line
625i5000,1080i5000,0.18,0 line
1080i5000,720p5000,0.94,0 line
720p5000,720p5000,1.25,0 line
625i5000,720p5000,0.35,0 line
1080i5000,1080p5000_A,2.51,  4 lines delayed
720p5000,1080p5000_A,6.42,  4 lines delayed
625i5000,1080p5000_A,1.05,0 line
1080i5000,625i5000,1.33,0 line
720p5000,625i5000,1.11,0 line
625i5000,625i5000,2.66,0 line
1080i5994,1080i5994,0.93,0 line
720p5994,1080i5994,0.91,0 line
525i5994,1080i5994,0.06,0 line
1080i5994,720p5994,0.9,0 line
720p5994,720p5994,1.17,0 line
525i5994,720p5994,0.13,0 line
1080i5994,1080p5994_A,1.53,  4 lines delayed
720p5994,1080p5994_A,0.05,0 line
525i5994,1080p5994_A,4.58, 11 lines advanced
1080i5994,525i5994,3.33,0 line
720p5994,525i5994,3.55,0 line
525i5994,525i5994,2.37,0 line
1080i5000,1080i5000,0.87,0 line
720p5000,1080i5000,1.1,0 line
625i5000,1080i5000,0.39,0 line
1080i5000,720p5000,0.95,0 line
720p5000,720p5000,1.02,0 line
625i5000,720p5000,0.25,0 line
1080i5000,1080p5000_A,2.74,  4 lines delayed
720p5000,1080p5000_A,0.18,0 line
625i5000,1080p5000_A,0.68,0 line
1080i5000,625i5000,1.25,0 line
720p5000,625i5000,0.88,0 line
625i5000,625i5000,2.88,0 line
1080i5994,1080i5994,0.91,0 line
720p5994,1080i5994,0.79,0 line
525i5994,1080i5994,0.17,0 line
1080i5994,720p5994,0.87,0 line
720p5994,720p5994,1.25,0 line
525i5994,720p5994,0.09,0 line
1080i5994,1080p5994_A,0.13,0 line
720p5994,1080p5994_A,0.06,0 line
525i5994,1080p5994_A,0.93,0 line
1080i5994,525i5994,3.33,0 line
720p5994,525i5994,3.55,0 line
525i5994,525i5994,2.37,0 line
1080i5000,1080i5000,0.87,0 line
720p5000,1080i5000,1.14,0 line
625i5000,1080i5000,0.36,0 line
1080i5000,720p5000,0.95,0 line
720p5000,720p5000,0.99,0 line
625i5000,720p5000,0.06,0 line
1080i5000,1080p5000_A,0.18,0 line
720p5000,1080p5000_A,4.2,204 lines delayed
625i5000,1080p5000_A,4.88,357 lines advanced
1080i5000,625i5000,1.25,0 line
720p5000,625i5000,1.03,0 line
625i5000,625i5000,2.59,0 line
1080i5994,1080i5994,0.97,0 line
720p5994,1080i5994,1.33,0 line
525i5994,1080i5994,0.12,0 line
1080i5994,720p5994,0.89,0 line
720p5994,720p5994,1.22,0 line
525i5994,720p5994,0.01,0 line
1080i5994,1080p5994_A,0.12,0 line
720p5994,1080p5994_A,7.34,0 line
525i5994,1080p5994_A,2.71, 11 lines advanced
1080i5994,525i5994,3.33,0 line
720p5994,525i5994,3.92,0 line
525i5994,525i5994,3.18,0 line
1080i5000,1080i5000,0.95,0 line
720p5000,1080i5000,0.92,0 line
625i5000,1080i5000,0.86,0 line
1080i5000,720p5000,0.97,0 line
720p5000,720p5000,0.99,0 line
625i5000,720p5000,0.24,0 line
1080i5000,1080p5000_A,5.5, 49 lines delayed
720p5000,1080p5000_A,0.13,259 lines delayed
625i5000,1080p5000_A,0.7,0 line
1080i5000,625i5000,1.25,0 line
720p5000,625i5000,1.11,0 line
625i5000,625i5000,2.81,0 line
1080i5994,1080i5994,0.93,0 line
720p5994,1080i5994,1.1,0 line
525i5994,1080i5994,0.05,0 line
1080i5994,720p5994,0.87,0 line
720p5994,720p5994,1.29,0 line
525i5994,720p5994,0.02,0 line
1080i5994,1080p5994_A,1.53,  4 lines delayed
720p5994,1080p5994_A,0.09,0 line
525i5994,1080p5994_A,2.42,141 lines delayed
1080i5994,525i5994,3.33,0 line
720p5994,525i5994,3.85,0 line
525i5994,525i5994,2.66,0 line
1080i5000,1080i5000,0.87,0 line
720p5000,1080i5000,0.91,0 line
625i5000,1080i5000,0.16,0 line
1080i5000,720p5000,0.94,0 line
720p5000,720p5000,0.94,0 line
625i5000,720p5000,0.2,0 line
1080i5000,1080p5000_A,0.22,0 line
720p5000,1080p5000_A,8.36,182 lines advanced
625i5000,1080p5000_A,8.72,383 lines delayed
1080i5000,625i5000,1.25,0 line
720p5000,625i5000,0.88,0 line
625i5000,625i5000,2.66,0 line
1080i5994,1080i5994,0.91,0 line
720p5994,1080i5994,0.8,0 line
525i5994,1080i5994,0.04,0 line
1080i5994,720p5994,0.87,0 line
720p5994,720p5994,1.24,0 line
525i5994,720p5994,0.06,0 line
1080i5994,1080p5994_A,1.49,  4 lines delayed
525i5994,1080p5994_A,4.55, 11 lines advanced
1080i5994,525i5994,3.33,0 line
720p5994,525i5994,3.48,0 line
525i5994,525i5994,2.59,0 line
1080i5000,1080i5000,0.87,0 line
720p5000,1080i5000,1.13,0 line
625i5000,1080i5000,0.24,0 line
1080i5000,720p5000,0.95,0 line
720p5000,720p5000,1.27,0 line
625i5000,720p5000,0.49,0 line
1080i5000,1080p5000_A,2.85,  4 lines delayed
720p5000,1080p5000_A,0.13,0 line
625i5000,1080p5000_A,0.87,0 line
1080i5000,625i5000,1.25,0 line
720p5000,625i5000,1.18,0 line
625i5000,625i5000,2.74,0 line
1080i5994,1080i5994,0.99,0 line
720p5994,1080i5994,1.36,0 line
525i5994,1080i5994,0.01,0 line
1080i5994,720p5994,0.91,0 line
720p5994,720p5994,1.09,0 line
525i5994,720p5994,0.37,0 line
1080i5994,1080p5994_A,1.55,  4 lines delayed
720p5994,1080p5994_A,0.14,0 line
525i5994,1080p5994_A,4.35, 20 lines advanced
1080i5994,525i5994,3.33,0 line
720p5994,525i5994,3.33,0 line
525i5994,525i5994,2.88,0 line
1080i5000,1080i5000,0.87,0 line
720p5000,1080i5000,0.98,0 line
625i5000,1080i5000,0.22,0 line
1080i5000,720p5000,0.94,0 line
720p5000,720p5000,1.36,0 line
625i5000,720p5000,0.28,0 line
1080i5000,1080p5000_A,2.41,  4 lines delayed
720p5000,1080p5000_A,1.91,175 lines advanced
625i5000,1080p5000_A,3.04, 20 lines advanced
1080i5000,625i5000,1.25,0 line
720p5000,625i5000,1.11,0 line
625i5000,625i5000,3.33,0 line
1080i5994,1080i5994,0.94,0 line
720p5994,1080i5994,1.3,0 line
525i5994,1080i5994,0.45,0 line
1080i5994,720p5994,0.87,0 line
720p5994,720p5994,1.29,0 line
525i5994,720p5994,0.08,0 line
1080i5994,1080p5994_A,1.53,  4 lines delayed
720p5994,1080p5994_A,0.08,0 line
525i5994,1080p5994_A,0.82,  1 lines advanced
1080i5994,525i5994,3.33,0 line
720p5994,525i5994,3.18,0 line
525i5994,525i5994,2.14,0 line
1080i5000,1080i5000,2.14,0 line
720p5000,1080i5000,0.98,0 line
625i5000,1080i5000,0.32,0 line
1080i5000,720p5000,0.95,0 line
720p5000,720p5000,0.94,0 line
625i5000,720p5000,0.62,0 line
1080i5000,1080p5000_A,2.82,  4 lines delayed
720p5000,1080p5000_A,6.11,  4 lines delayed
625i5000,1080p5000_A,4.2,275 lines advanced
1080i5000,625i5000,1.25,0 line
720p5000,625i5000,1.18,0 line
625i5000,625i5000,2.44,0 line
1080i5994,1080i5994,0.94,0 line
720p5994,1080i5994,0.84,0 line
525i5994,1080i5994,0.24,0 line
1080i5994,720p5994,0.93,0 line
720p5994,720p5994,0.79,0 line
1080i5994,1080p5994_A,0.12,0 line
720p5994,1080p5994_A,0.09,0 line
525i5994,1080p5994_A,3.34,191 lines advanced
1080i5994,525i5994,3.25,0 line
720p5994,525i5994,2.96,0 line
525i5994,525i5994,2.51,0 line
1080i5000,1080i5000,0.87,0 line
720p5000,1080i5000,0.94,0 line
625i5000,1080i5000,0.22,0 line
1080i5000,720p5000,0.94,0 line
720p5000,720p5000,0.94,0 line
625i5000,720p5000,0.59,0 line
1080i5000,1080p5000_A,0.16,0 line
720p5000,1080p5000_A,8.78,0 line
625i5000,1080p5000_A,8.26,  2 lines delayed
1080i5000,625i5000,1.25,0 line
720p5000,625i5000,1.18,0 line
625i5000,625i5000,2.66,0 line
1080i5994,1080i5994,0.9,0 line
720p5994,1080i5994,0.84,0 line
525i5994,1080i5994,0.04,0 line
1080i5994,720p5994,0.9,0 line
720p5994,720p5994,0.79,0 line
525i5994,720p5994,0.08,0 line
1080i5994,1080p5994_A,1.26,  4 lines delayed
720p5994,1080p5994_A,7.01,226 lines advanced
525i5994,1080p5994_A,0.71,176 lines advanced
1080i5994,525i5994,3.25,0 line
720p5994,525i5994,3.7,0 line
525i5994,525i5994,2.29,0 line
1080i5000,1080i5000,0.88,0 line
720p5000,1080i5000,0.92,0 line
625i5000,1080i5000,0.39,0 line
1080i5000,720p5000,0.94,0 line
720p5000,720p5000,0.92,0 line
625i5000,720p5000,0.49,0 line
1080i5000,1080p5000_A,2.76,  4 lines delayed
720p5000,1080p5000_A,8.76,0 line
625i5000,1080p5000_A,8.76,544 lines advanced
1080i5000,625i5000,1.25,0 line
720p5000,625i5000,1.18,0 line
625i5000,625i5000,2.74,0 line
1080i5994,1080i5994,0.94,0 line
720p5994,1080i5994,0.76,0 line
525i5994,1080i5994,0.4,0 line
1080i5994,720p5994,0.89,0 line
720p5994,720p5994,0.89,0 line
525i5994,720p5994,0.05,0 line
1080i5994,1080p5994_A,6.47, 56 lines delayed
720p5994,1080p5994_A,0.06,0 line
525i5994,1080p5994_A,4.57, 11 lines advanced
1080i5994,525i5994,3.33,0 line
720p5994,525i5994,3.33,0 line
525i5994,525i5994,2.88,0 line
1080i5000,1080i5000,0.87,0 line
720p5000,1080i5000,0.94,0 line
625i5000,1080i5000,0.37,0 line
1080i5000,720p5000,0.95,0 line
720p5000,720p5000,0.95,0 line
625i5000,720p5000,0.9,0 line
1080i5000,1080p5000_A,2.72,  4 lines delayed
720p5000,1080p5000_A,6.22,  4 lines delayed
625i5000,1080p5000_A,0.51,0 line
1080i5000,625i5000,1.25,0 line
720p5000,625i5000,1.11,0 line
625i5000,625i5000,2.96,0 line
1080i5994,1080i5994,0.94,0 line
720p5994,1080i5994,0.91,0 line
525i5994,1080i5994,0.05,0 line
1080i5994,720p5994,0.86,0 line
720p5994,720p5994,0.93,0 line
525i5994,720p5994,0.06,0 line
1080i5994,1080p5994_A,1.32,  4 lines delayed
720p5994,1080p5994_A,3.8, 55 lines advanced
525i5994,1080p5994_A,1.06,0 line
1080i5994,525i5994,3.33,0 line
720p5994,525i5994,3.18,0 line
525i5994,525i5994,2.44,0 line
1080i5000,1080i5000,0.87,0 line
720p5000,1080i5000,1.18,0 line
625i5000,1080i5000,0.21,0 line
1080i5000,720p5000,0.94,0 line
720p5000,720p5000,0.97,0 line
625i5000,720p5000,0.45,0 line
1080i5000,1080p5000_A,2.47,  4 lines delayed
720p5000,1080p5000_A,7.35, 91 lines delayed
625i5000,1080p5000_A,7.24,447 lines advanced
1080i5000,625i5000,1.33,0 line
720p5000,625i5000,1.11,0 line
625i5000,625i5000,2.66,0 line
1080i5994,1080i5994,0.94,0 line
720p5994,1080i5994,1.33,0 line
525i5994,1080i5994,0.01,0 line
1080i5994,720p5994,0.9,0 line
720p5994,720p5994,1.32,0 line
525i5994,720p5994,0.01,0 line
1080i5994,1080p5994_A,0.13,0 line
720p5994,1080p5994_A,0.12,0 line
525i5994,1080p5994_A,0.87,0 line
1080i5994,525i5994,3.33,0 line
720p5994,525i5994,3.7,0 line
525i5994,525i5994,2.51,0 line
1080i5000,1080i5000,0.88,0 line
720p5000,1080i5000,1.15,0 line
625i5000,1080i5000,0.12,0 line
1080i5000,720p5000,0.95,0 line
720p5000,720p5000,1.3,0 line
625i5000,720p5000,0.55,0 line
1080i5000,1080p5000_A,2.66,  4 lines delayed
720p5000,1080p5000_A,0.17,0 line
625i5000,1080p5000_A,0.56,0 line
1080i5000,625i5000,1.25,0 line
720p5000,625i5000,1.11,0 line
625i5000,625i5000,2.88,0 line
1080i5994,1080i5994,0.94,0 line
720p5994,1080i5994,1.09,0 line
525i5994,1080i5994,0.24,0 line
1080i5994,720p5994,0.91,0 line
720p5994,720p5994,1.14,0 line
525i5994,720p5994,0.02,0 line
1080i5994,1080p5994_A,1.2,  4 lines delayed
720p5994,1080p5994_A,0.04,0 line
525i5994,1080p5994_A,5.52,368 lines advanced
1080i5994,525i5994,3.33,0 line
720p5994,525i5994,3.92,0 line
525i5994,525i5994,2.59,0 line
1080i5000,1080i5000,0.88,0 line
720p5000,1080i5000,0.94,0 line
625i5000,1080i5000,0.05,0 line
1080i5000,720p5000,0.97,0 line
720p5000,720p5000,1.02,0 line
625i5000,720p5000,0.2,0 line
1080i5000,1080p5000_A,2.76,  4 lines delayed
720p5000,1080p5000_A,0.06,0 line
625i5000,1080p5000_A,8.26,  2 lines delayed
1080i5000,625i5000,1.25,0 line
720p5000,625i5000,1.11,0 line
625i5000,625i5000,2.51,0 line
1080i5994,1080i5994,0.93,0 line
720p5994,1080i5994,1.36,0 line
525i5994,1080i5994,0.02,0 line
1080i5994,720p5994,0.93,0 line
720p5994,720p5994,1.09,0 line
525i5994,720p5994,0.1,0 line
1080i5994,1080p5994_A,1.33,  4 lines delayed
720p5994,1080p5994_A,0.08,0 line
525i5994,1080p5994_A,1.1,0 line
1080i5994,525i5994,3.33,0 line
720p5994,525i5994,3.25,0 line
525i5994,525i5994,2.59,0 line
1080i5000,1080i5000,0.88,0 line
720p5000,1080i5000,0.97,0 line
625i5000,1080i5000,0.18,0 line
1080i5000,720p5000,0.94,0 line
720p5000,720p5000,1.37,0 line
625i5000,720p5000,0.24,0 line
1080i5000,1080p5000_A,2.78,  4 lines delayed
720p5000,1080p5000_A,0.21,0 line
625i5000,1080p5000_A,0.76,0 line
1080i5000,625i5000,1.25,0 line
720p5000,625i5000,1.18,0 line
625i5000,625i5000,2.74,0 line
1080i5994,1080i5994,0.95,0 line
720p5994,1080i5994,1.33,0 line
525i5994,1080i5994,0.05,0 line
1080i5994,720p5994,0.93,0 line
720p5994,720p5994,1.32,0 line
525i5994,720p5994,0.02,0 line
1080i5994,1080p5994_A,1.56,  4 lines delayed
720p5994,1080p5994_A,5.47,144 lines delayed
525i5994,1080p5994_A,1.1,0 line
1080i5994,525i5994,3.33,0 line
720p5994,525i5994,3.33,0 line
525i5994,525i5994,2.51,0 line
1080i5000,1080i5000,0.87,0 line
720p5000,1080i5000,0.94,0 line
625i5000,1080i5000,0.14,0 line
1080i5000,720p5000,0.94,0 line
720p5000,720p5000,0.92,0 line
625i5000,720p5000,0.53,0 line
1080i5000,1080p5000_A,0.18,0 line
720p5000,1080p5000_A,0.16,0 line
625i5000,1080p5000_A,2.42,469 lines delayed
1080i5000,625i5000,1.33,0 line
720p5000,625i5000,1.11,0 line
625i5000,625i5000,2.66,0 line
1080i5994,1080i5994,0.97,0 line
720p5994,1080i5994,0.94,0 line
525i5994,1080i5994,0.06,0 line
1080i5994,720p5994,0.91,0 line
720p5994,720p5994,0.83,0 line
525i5994,720p5994,0.21,0 line
1080i5994,1080p5994_A,0.17,0 line
720p5994,1080p5994_A,0.71, 63 lines delayed
525i5994,1080p5994_A,1.05,0 line
1080i5994,525i5994,3.33,0 line
720p5994,525i5994,3.25,0 line
525i5994,525i5994,2.37,0 line
1080i5000,1080i5000,0.86,0 line
720p5000,1080i5000,0.98,0 line
625i5000,1080i5000,0.4,0 line
1080i5000,720p5000,0.95,0 line
720p5000,720p5000,0.95,0 line
625i5000,720p5000,0.16,0 line
1080i5000,1080p5000_A,2.8,  4 lines delayed
720p5000,1080p5000_A,0.14,0 line
625i5000,1080p5000_A,8.05,  2 lines delayed
1080i5000,625i5000,1.25,0 line
720p5000,625i5000,1.11,0 line
625i5000,625i5000,2.66,0 line
1080i5994,1080i5994,0.94,0 line
720p5994,1080i5994,1.21,0 line
525i5994,1080i5994,0.06,0 line
1080i5994,720p5994,0.89,0 line
720p5994,720p5994,1.29,0 line
525i5994,720p5994,0.18,0 line
1080i5994,1080p5994_A,1.41,  4 lines delayed
720p5994,1080p5994_A,0.01,0 line
525i5994,1080p5994_A,2.07,468 lines advanced
720p5994,525i5994,3.4,0 line
525i5994,525i5994,2.59,0 line
1080i5000,1080i5000,0.87,0 line
720p5000,1080i5000,0.94,0 line
625i5000,1080i5000,0.35,0 line
1080i5000,720p5000,0.97,0 line
720p5000,720p5000,1.14,0 line
625i5000,720p5000,0.18,0 line
1080i5000,1080p5000_A,2.72,  4 lines delayed
720p5000,1080p5000_A,2.1,244 lines advanced
625i5000,1080p5000_A,0.92,222 lines advanced
1080i5000,625i5000,1.33,0 line
720p5000,625i5000,1.18,0 line
625i5000,625i5000,2.88,0 line
1080i5994,1080i5994,0.94,0 line
720p5994,1080i5994,0.99,0 line
525i5994,1080i5994,0.21,0 line
1080i5994,720p5994,0.87,0 line
720p5994,720p5994,1.13,0 line
525i5994,720p5994,0.02,0 line
1080i5994,1080p5994_A,1.13,  4 lines delayed
720p5994,1080p5994_A,0.13,0 line
525i5994,1080p5994_A,3.58,452 lines advanced
1080i5994,525i5994,3.33,0 line
720p5994,525i5994,3.85,0 line
525i5994,525i5994,2.37,0 line
1080i5000,1080i5000,0.87,0 line
720p5000,1080i5000,1.14,0 line
625i5000,1080i5000,0.25,0 line
1080i5000,720p5000,0.98,0 line
720p5000,720p5000,0.92,0 line
1080i5000,1080p5000_A,2.74,  4 lines delayed
720p5000,1080p5000_A,8.76,0 line
625i5000,1080p5000_A,7.09,283 lines advanced
1080i5000,625i5000,1.25,0 line
720p5000,625i5000,1.18,0 line
625i5000,625i5000,2.66,0 line
1080i5994,1080i5994,0.94,0 line
720p5994,1080i5994,1.18,0 line
525i5994,1080i5994,0.27,0 line
1080i5994,720p5994,0.93,0 line
720p5994,720p5994,0.84,0 line
525i5994,720p5994,0.08,0 line
1080i5994,1080p5994_A,0.16,0 line
720p5994,1080p5994_A,0.04,0 line
525i5994,1080p5994_A,4.59, 11 lines advanced
1080i5994,525i5994,3.11,0 line
720p5994,525i5994,3.77,0 line
525i5994,525i5994,2.59,0 line
1080i5000,1080i5000,0.86,0 line
720p5000,1080i5000,1.01,0 line
625i5000,1080i5000,0.12,0 line
1080i5000,720p5000,0.94,0 line
720p5000,720p5000,0.94,0 line
625i5000,720p5000,0.12,0 line
1080i5000,1080p5000_A,2.8,  4 lines delayed
720p5000,1080p5000_A,0.1,0 line
625i5000,1080p5000_A,1.02,0 line
1080i5000,625i5000,1.25,0 line
720p5000,625i5000,1.11,0 line
625i5000,625i5000,2.81,0 line
1080i5994,1080i5994,0.93,0 line
720p5994,1080i5994,1.2,0 line
525i5994,1080i5994,0.02,0 line
1080i5994,720p5994,0.93,0 line
720p5994,720p5994,0.71,0 line
525i5994,720p5994,0.24,0 line
1080i5994,1080p5994_A,1.05,  4 lines delayed
720p5994,1080p5994_A,0.06,0 line
525i5994,1080p5994_A,0.97,0 line
720p5994,525i5994,3.11,0 line
525i5994,525i5994,2.66,0 line
1080i5000,1080i5000,0.86,0 line
720p5000,1080i5000,0.92,0 line
625i5000,1080i5000,0.21,0 line
1080i5000,720p5000,0.95,0 line
720p5000,720p5000,0.94,0 line
625i5000,720p5000,0.16,0 line
1080i5000,1080p5000_A,2.73,  4 lines delayed
720p5000,1080p5000_A,6.2,  4 lines delayed
625i5000,1080p5000_A,0.86,0 line
1080i5000,625i5000,1.33,0 line
720p5000,625i5000,0.96,0 line
625i5000,625i5000,2.51,0 line
1080i5994,1080i5994,0.93,0 line
720p5994,1080i5994,1.25,0 line
525i5994,1080i5994,0.32,0 line
1080i5994,720p5994,0.89,0 line
720p5994,720p5994,1.32,0 line
525i5994,720p5994,0.05,0 line
1080i5994,1080p5994_A,1.26,  4 lines delayed
720p5994,1080p5994_A,0.02,0 line
525i5994,1080p5994_A,1.57,168 lines delayed
1080i5994,525i5994,3.33,0 line
720p5994,525i5994,3.48,0 line
525i5994,525i5994,2.74,0 line
1080i5000,1080i5000,0.9,0 line
720p5000,1080i5000,0.98,0 line
625i5000,1080i5000,0.83,0 line
1080i5000,720p5000,0.92,0 line
720p5000,720p5000,0.95,0 line
625i5000,720p5000,0.18,0 line
1080i5000,1080p5000_A,2.66,  4 lines delayed
720p5000,1080p5000_A,0.75, 94 lines delayed
625i5000,1080p5000_A,2.26,453 lines delayed
1080i5000,625i5000,1.25,0 line
720p5000,625i5000,1.11,0 line
625i5000,625i5000,2.81,0 line
1080i5994,1080i5994,0.93,0 line
720p5994,1080i5994,1.18,0 line
525i5994,1080i5994,0.08,0 line
1080i5994,720p5994,0.89,0 line
720p5994,720p5994,1.33,0 line
525i5994,720p5994,0.09,0 line
1080i5994,1080p5994_A,0.1,0 line
720p5994,1080p5994_A,0.05,0 line
525i5994,1080p5994_A,0.91,0 line
1080i5994,525i5994,3.33,0 line
720p5994,525i5994,3.4,0 line
525i5994,525i5994,2.59,0 line
1080i5000,1080i5000,2.59,0 line
720p5000,1080i5000,1.01,0 line
625i5000,1080i5000,0.22,0 line
1080i5000,720p5000,0.95,0 line
720p5000,720p5000,0.98,0 line
625i5000,720p5000,0.14,0 line
1080i5000,1080p5000_A,2.77,  4 lines delayed
720p5000,1080p5000_A,0.17,0 line
625i5000,1080p5000_A,0.48,557 lines delayed
720p5000,625i5000,1.11,0 line
625i5000,625i5000,2.66,0 line
1080i5994,1080i5994,0.93,0 line
720p5994,1080i5994,1.33,0 line
525i5994,1080i5994,0.47,0 line
1080i5994,720p5994,0.9,0 line
720p5994,720p5994,1.32,0 line
525i5994,720p5994,0.04,0 line
1080i5994,1080p5994_A,1.42,  4 lines delayed
720p5994,1080p5994_A,7.3,0 line
525i5994,1080p5994_A,1.02,0 line
1080i5994,525i5994,3.33,0 line
720p5994,525i5994,3.63,0 line
525i5994,525i5994,2.74,0 line
1080i5000,1080i5000,0.87,0 line
720p5000,1080i5000,0.91,0 line
625i5000,1080i5000,0.12,0 line
1080i5000,720p5000,0.95,0 line
720p5000,720p5000,0.95,0 line
1080i5000,1080p5000_A,2.76,  4 lines delayed
720p5000,1080p5000_A,0.17,0 line
625i5000,1080p5000_A,0.97,0 line
1080i5000,625i5000,1.25,0 line
720p5000,625i5000,1.11,0 line
625i5000,625i5000,2.88,0 line
1080i5994,1080i5994,0.94,0 line
720p5994,1080i5994,1.15,0 line
525i5994,1080i5994,0.14,0 line
1080i5994,720p5994,0.94,0 line
720p5994,720p5994,1.25,0 line
525i5994,720p5994,0.02,0 line
1080i5994,1080p5994_A,0.14,0 line
720p5994,1080p5994_A,2.89, 90 lines advanced
525i5994,1080p5994_A,1.11,0 line
1080i5994,525i5994,3.33,0 line
720p5994,525i5994,3.25,0 line
525i5994,525i5994,2.44,0 line
1080i5000,1080i5000,0.88,0 line
720p5000,1080i5000,0.97,0 line
625i5000,1080i5000,0.32,0 line
1080i5000,720p5000,0.95,0 line
720p5000,720p5000,1.02,0 line
625i5000,720p5000,0.24,0 line
1080i5000,1080p5000_A,0.17,0 line
720p5000,1080p5000_A,0.12,0 line
625i5000,1080p5000_A,7.98,  2 lines delayed
1080i5000,625i5000,1.33,0 line
720p5000,625i5000,0.96,0 line
625i5000,625i5000,2.88,0 line
1080i5994,1080i5994,29.1,0 line
720p5994,1080i5994,1.36,0 line
525i5994,1080i5994,0.27,0 line
1080i5994,720p5994,0.9,0 line
720p5994,720p5994,1.28,0 line
525i5994,720p5994,0.05,0 line
1080i5994,1080p5994_A,1.28,  4 lines delayed
720p5994,1080p5994_A,0.13,0 line
525i5994,1080p5994_A,5.89, 20 lines delayed
1080i5994,525i5994,3.33,0 line
720p5994,525i5994,3.55,0 line
525i5994,525i5994,2.44,0 line
1080i5000,1080i5000,0.87,0 line
720p5000,1080i5000,0.92,0 line
625i5000,1080i5000,0.49,0 line
1080i5000,720p5000,0.94,0 line
720p5000,720p5000,1.36,0 line
625i5000,720p5000,0.06,0 line
720p5000,1080p5000_A,0.12,0 line
625i5000,1080p5000_A,1.01,0 line
1080i5000,625i5000,1.25,0 line
720p5000,625i5000,1.11,0 line
625i5000,625i5000,2.59,0 line
1080i5994,1080i5994,0.93,0 line
720p5994,1080i5994,1.36,0 line
525i5994,1080i5994,0.2,0 line
1080i5994,720p5994,0.87,0 line
720p5994,720p5994,1.33,0 line
525i5994,720p5994,0.27,0 line
1080i5994,1080p5994_A,1.48,  4 lines delayed
720p5994,1080p5994_A,5.98,  4 lines delayed
525i5994,1080p5994_A,4.4,297 lines advanced
720p5994,525i5994,3.4,0 line
525i5994,525i5994,2.59,0 line
1080i5000,1080i5000,0.9,0 line
720p5000,1080i5000,0.98,0 line
625i5000,1080i5000,0.37,0 line
1080i5000,720p5000,0.92,0 line
720p5000,720p5000,0.92,0 line
625i5000,720p5000,0.22,0 line
1080i5000,1080p5000_A,5.38, 50 lines delayed
720p5000,1080p5000_A,0.08,0 line
625i5000,1080p5000_A,8.28,  2 lines delayed
1080i5000,625i5000,1.18,0 line
720p5000,625i5000,1.18,0 line
625i5000,625i5000,2.74,0 line
1080i5994,1080i5994,0.93,0 line
720p5994,1080i5994,1.21,0 line
525i5994,1080i5994,0.25,0 line
1080i5994,720p5994,0.91,0 line
720p5994,720p5994,0.91,0 line
525i5994,720p5994,0.21,0 line
1080i5994,1080p5994_A,1.44,  4 lines delayed
720p5994,1080p5994_A,6.02,  4 lines delayed
525i5994,1080p5994_A,0.78,0 line
1080i5994,525i5994,3.25,0 line
720p5994,525i5994,3.85,0 line
525i5994,525i5994,2.88,0 line
1080i5000,1080i5000,0.88,0 line
720p5000,1080i5000,0.92,0 line
625i5000,1080i5000,0.25,0 line
1080i5000,720p5000,0.94,0 line
720p5000,720p5000,0.99,0 line
625i5000,720p5000,0.16,0 line
1080i5000,1080p5000_A,2.57,  4 lines delayed
720p5000,1080p5000_A,0.05,0 line
625i5000,1080p5000_A,4.8, 16 lines delayed
1080i5000,625i5000,1.33,0 line
720p5000,625i5000,1.11,0 line
625i5000,625i5000,2.66,0 line
1080i5994,1080i5994,0.95,0 line
720p5994,1080i5994,1.03,0 line
525i5994,1080i5994,0.48,0 line
1080i5994,720p5994,0.97,0 line
720p5994,720p5994,1.06,0 line
525i5994,720p5994,0.39,0 line
1080i5994,1080p5994_A,1.51,  4 lines delayed
720p5994,1080p5994_A,7.3,0 line
525i5994,1080p5994_A,1.02,0 line
1080i5994,525i5994,3.33,0 line
720p5994,525i5994,3.63,0 line
525i5994,525i5994,2.44,0 line
1080i5000,1080i5000,0.88,0 line
720p5000,1080i5000,0.97,0 line
625i5000,1080i5000,0.22,0 line
1080i5000,720p5000,0.97,0 line
720p5000,720p5000,0.9,0 line
625i5000,720p5000,0.26,0 line
1080i5000,1080p5000_A,6.06,119 lines delayed
720p5000,1080p5000_A,0.14,0 line
625i5000,1080p5000_A,8.35,  2 lines delayed
1080i5000,625i5000,1.25,0 line
720p5000,625i5000,1.11,0 line
625i5000,625i5000,2.74,0 line
1080i5994,1080i5994,0.94,0 line
720p5994,1080i5994,1.15,0 line
525i5994,1080i5994,0.09,0 line
1080i5994,720p5994,0.94,0 line
720p5994,720p5994,1.36,0 line
525i5994,720p5994,0.1,0 line
1080i5994,1080p5994_A,0.14,0 line
720p5994,1080p5994_A,0.12,0 line
525i5994,1080p5994_A,4.11,121 lines advanced
1080i5994,525i5994,3.33,0 line
720p5994,525i5994,3.48,0 line
525i5994,525i5994,2.37,0 line
1080i5000,1080i5000,0.88,0 line
720p5000,1080i5000,1.15,0 line
625i5000,1080i5000,0.17,0 line
1080i5000,720p5000,0.95,0 line
720p5000,720p5000,1.36,0 line
625i5000,720p5000,0.22,0 line
1080i5000,1080p5000_A,2.78,  4 lines delayed
720p5000,1080p5000_A,8.76,0 line
625i5000,1080p5000_A,8.05,  2 lines delayed
1080i5000,625i5000,1.33,0 line
720p5000,625i5000,1.11,0 line
625i5000,625i5000,2.88,0 line
1080i5994,1080i5994,0.91,0 line
720p5994,1080i5994,1.25,0 line
525i5994,1080i5994,0.21,0 line
1080i5994,720p5994,0.94,0 line
720p5994,720p5994,1.26,0 line
525i5994,720p5994,0.12,0 line
1080i5994,1080p5994_A,0.12, 44 lines delayed
720p5994,1080p5994_A,0.04,0 line
525i5994,1080p5994_A,0.8,0 line
1080i5994,525i5994,3.33,0 line
720p5994,525i5994,3.7,0 line
525i5994,525i5994,2.51,0 line
1080i5000,1080i5000,0.88,0 line
720p5000,1080i5000,1.13,0 line
625i5000,1080i5000,0.06,0 line
1080i5000,720p5000,0.94,0 line
720p5000,720p5000,1.38,0 line
625i5000,720p5000,0.26,0 line
720p5000,1080p5000_A,0.16,0 line
625i5000,1080p5000_A,1.94,222 lines advanced
1080i5000,625i5000,1.33,0 line
720p5000,625i5000,1.11,0 line
625i5000,625i5000,3.03,0 line
1080i5994,1080i5994,0.95,0 line
720p5994,1080i5994,1.33,0 line
525i5994,1080i5994,0.06,0 line
1080i5994,720p5994,0.91,0 line
720p5994,720p5994,1.22,0 line
525i5994,720p5994,0.24,0 line
1080i5994,1080p5994_A,0.99,  4 lines delayed
720p5994,1080p5994_A,0.1,0 line
525i5994,1080p5994_A,1.13,0 line
1080i5994,525i5994,3.33,0 line
720p5994,525i5994,3.4,0 line
525i5994,525i5994,2.44,0 line
1080i5000,1080i5000,2.44,0 line
720p5000,1080i5000,0.91,0 line
625i5000,1080i5000,0.17,0 line
1080i5000,720p5000,0.95,0 line
720p5000,720p5000,1.01,0 line
625i5000,720p5000,0.18,0 line
720p5000,1080p5000_A,6.15,  4 lines delayed
625i5000,1080p5000_A,8.31,197 lines delayed
1080i5000,625i5000,1.25,0 line
720p5000,625i5000,1.11,0 line
625i5000,625i5000,2.81,0 line
1080i5994,1080i5994,0.93,0 line
720p5994,1080i5994,1.02,0 line
525i5994,1080i5994,0.14,0 line
1080i5994,720p5994,0.95,0 line
720p5994,720p5994,1.1,0 line
525i5994,720p5994,0.08,0 line
1080i5994,1080p5994_A,1.34,  4 lines delayed
720p5994,1080p5994_A,0.12,0 line
525i5994,1080p5994_A,0.83,0 line
1080i5994,525i5994,3.33,0 line
720p5994,525i5994,3.63,0 line
525i5994,525i5994,2.59,0 line
1080i5000,1080i5000,0.87,0 line
720p5000,1080i5000,1.1,0 line
625i5000,1080i5000,0.32,0 line
1080i5000,720p5000,0.94,0 line
720p5000,720p5000,0.94,0 line
625i5000,720p5000,0.12,0 line
1080i5000,1080p5000_A,2.57,  4 lines delayed
720p5000,1080p5000_A,6.37,  4 lines delayed
625i5000,1080p5000_A,7.98,  2 lines delayed
1080i5000,625i5000,1.33,0 line
720p5000,625i5000,1.18,0 line
625i5000,625i5000,2.81,0 line
1080i5994,1080i5994,0.95,0 line
720p5994,1080i5994,1.33,0 line
525i5994,1080i5994,0.14,0 line
1080i5994,720p5994,0.9,0 line
720p5994,720p5994,1.2,0 line
525i5994,720p5994,0.14,0 line
1080i5994,1080p5994_A,1.59,  4 lines delayed
720p5994,1080p5994_A,0.06,0 line
525i5994,1080p5994_A,1.07,0 line
1080i5994,525i5994,3.33,0 line
720p5994,525i5994,3.33,0 line
525i5994,525i5994,2.29,0 line
1080i5000,1080i5000,0.87,0 line
720p5000,1080i5000,0.91,0 line
625i5000,1080i5000,0.24,0 line
1080i5000,720p5000,0.94,0 line
720p5000,720p5000,0.9,0 line
625i5000,720p5000,0.21,0 line
720p5000,1080p5000_A,2.27,209 lines advanced
625i5000,1080p5000_A,1.03,0 line
1080i5000,625i5000,1.33,0 line
720p5000,625i5000,1.11,0 line
625i5000,625i5000,2.74,0 line
720p5994,1080i5994,1.38,0 line
525i5994,1080i5994,0.14,0 line
1080i5994,720p5994,0.9,0 line
720p5994,720p5994,1.1,0 line
525i5994,720p5994,0.35,0 line
1080i5994,1080p5994_A,1.46,  4 lines delayed
720p5994,1080p5994_A,0.08,0 line
525i5994,1080p5994_A,0.08,0 line
1080i5994,525i5994,3.33,0 line
720p5994,525i5994,3.48,0 line
525i5994,525i5994,2.44,0 line
1080i5000,1080i5000,0.88,0 line
720p5000,1080i5000,0.97,0 line
625i5000,1080i5000,0.17,0 line
1080i5000,720p5000,0.94,0 line
720p5000,720p5000,1.37,0 line
625i5000,720p5000,0.37,0 line
1080i5000,1080p5000_A,0.17,0 line
720p5000,1080p5000_A,8.76,0 line
625i5000,1080p5000_A,5.01,140 lines delayed
1080i5000,625i5000,1.25,0 line
720p5000,625i5000,1.18,0 line
625i5000,625i5000,2.81,0 line
1080i5994,1080i5994,0.91,0 line
720p5994,1080i5994,0.74,0 line
525i5994,1080i5994,0.05,0 line
1080i5994,720p5994,0.93,0 line
720p5994,720p5994,1.34,0 line
1080i5994,1080p5994_A,0.98,  4 lines delayed
720p5994,1080p5994_A,6.48,  4 lines delayed
525i5994,1080p5994_A,3.46,337 lines advanced
1080i5994,525i5994,3.33,0 line
720p5994,525i5994,3.55,0 line
525i5994,525i5994,2.51,0 line
1080i5000,1080i5000,0.86,0 line
720p5000,1080i5000,0.94,0 line
625i5000,1080i5000,0.99,0 line
1080i5000,720p5000,0.95,0 line
720p5000,720p5000,0.87,0 line
625i5000,720p5000,0.56,0 line
1080i5000,1080p5000_A,2.73,  4 lines delayed
720p5000,1080p5000_A,0.13,0 line
625i5000,1080p5000_A,2.23,222 lines advanced
1080i5000,625i5000,1.25,0 line
720p5000,625i5000,1.11,0 line
625i5000,625i5000,2.88,0 line
1080i5994,1080i5994,0.93,0 line
720p5994,1080i5994,0.84,0 line
525i5994,1080i5994,0.12,0 line
1080i5994,720p5994,0.87,0 line
720p5994,720p5994,0.84,0 line
525i5994,720p5994,0.16,0 line
1080i5994,1080p5994_A,1.41,  4 lines delayed
720p5994,1080p5994_A,0.06,0 line
525i5994,1080p5994_A,1.02,0 line
1080i5994,525i5994,3.33,0 line
720p5994,525i5994,3.7,0 line
525i5994,525i5994,2.44,0 line
1080i5000,1080i5000,0.88,0 line
720p5000,1080i5000,1.13,0 line
625i5000,1080i5000,0.92,0 line
1080i5000,720p5000,0.92,0 line
720p5000,720p5000,1.1,0 line
625i5000,720p5000,1.03,0 line
720p5000,1080p5000_A,0.08,0 line
625i5000,1080p5000_A,0.68,0 line
1080i5000,625i5000,1.25,0 line
720p5000,625i5000,1.11,0 line
625i5000,625i5000,2.66,0 line
1080i5994,1080i5994,0.89,0 line
720p5994,1080i5994,0.79,0 line
525i5994,1080i5994,0.05,0 line
1080i5994,720p5994,0.91,0 line
720p5994,720p5994,1.26,0 line
525i5994,720p5994,0.08,0 line
1080i5994,1080p5994_A,1.42,  4 lines delayed
720p5994,1080p5994_A,0.18,0 line
525i5994,1080p5994_A,4.82, 11 lines advanced
720p5994,525i5994,3.7,0 line
525i5994,525i5994,2.37,0 line
1080i5000,1080i5000,2.37,0 line
720p5000,1080i5000,0.91,0 line
625i5000,1080i5000,0.39,0 line
1080i5000,720p5000,0.97,0 line
720p5000,720p5000,0.92,0 line
625i5000,720p5000,0.18,0 line
1080i5000,1080p5000_A,2.77,  4 lines delayed
720p5000,1080p5000_A,6.16,  4 lines delayed
625i5000,1080p5000_A,1.11,0 line
1080i5000,625i5000,1.4,0 line
720p5000,625i5000,1.11,0 line
625i5000,625i5000,2.59,0 line
1080i5994,1080i5994,0.93,0 line
720p5994,1080i5994,1.13,0 line
525i5994,1080i5994,0.28,0 line
1080i5994,720p5994,0.94,0 line
720p5994,720p5994,1.03,0 line
525i5994,720p5994,0.1,0 line
1080i5994,1080p5994_A,0.14,0 line
720p5994,1080p5994_A,0.09,0 line
525i5994,1080p5994_A,0.99,0 line
1080i5994,525i5994,3.33,0 line
720p5994,525i5994,4.0,0 line
525i5994,525i5994,2.59,0 line
1080i5000,1080i5000,2.59,0 line
720p5000,1080i5000,0.98,0 line
625i5000,1080i5000,0.29,0 line
1080i5000,720p5000,0.97,0 line
720p5000,720p5000,1.27,0 line
625i5000,720p5000,0.21,0 line
1080i5000,1080p5000_A,0.17,0 line
720p5000,1080p5000_A,0.12,0 line
625i5000,1080p5000_A,0.8,0 line
1080i5000,625i5000,1.25,0 line
720p5000,625i5000,1.11,0 line
625i5000,625i5000,2.59,0 line
1080i5994,1080i5994,0.95,0 line
720p5994,1080i5994,1.14,0 line
525i5994,1080i5994,0.04,0 line
1080i5994,720p5994,0.95,0 line
720p5994,720p5994,0.84,0 line
525i5994,720p5994,0.14,0 line
1080i5994,1080p5994_A,0.18,0 line
720p5994,1080p5994_A,3.15,217 lines delayed
525i5994,1080p5994_A,1.07,0 line
1080i5994,525i5994,3.33,0 line
720p5994,525i5994,3.63,0 line
525i5994,525i5994,2.37,0 line
1080i5000,1080i5000,2.37,0 line
720p5000,1080i5000,1.14,0 line
625i5000,1080i5000,0.01,0 line
1080i5000,720p5000,0.98,0 line
720p5000,720p5000,1.05,0 line
625i5000,720p5000,0.02,0 line
1080i5000,1080p5000_A,2.68,  4 lines delayed
720p5000,1080p5000_A,2.14,221 lines advanced
625i5000,1080p5000_A,0.9,0 line
1080i5000,625i5000,1.25,0 line
720p5000,625i5000,1.03,0 line
625i5000,625i5000,2.81,0 line
1080i5994,1080i5994,0.93,0 line
720p5994,1080i5994,1.06,0 line
525i5994,1080i5994,0.02,0 line
1080i5994,720p5994,0.9,0 line
720p5994,720p5994,1.21,0 line
525i5994,720p5994,0.22,0 line
1080i5994,1080p5994_A,1.51,  4 lines delayed
720p5994,1080p5994_A,0.24,0 line
525i5994,1080p5994_A,4.89, 11 lines advanced
1080i5994,525i5994,3.33,0 line
720p5994,525i5994,3.48,0 line
525i5994,525i5994,2.44,0 line
720p5000,1080i5000,0.88,0 line
625i5000,1080i5000,0.08,0 line
1080i5000,720p5000,0.94,0 line
720p5000,720p5000,1.27,0 line
625i5000,720p5000,0.74,0 line
1080i5000,1080p5000_A,2.72,  4 lines delayed
720p5000,1080p5000_A,6.22,  4 lines delayed
625i5000,1080p5000_A,2.68,150 lines advanced
1080i5000,625i5000,1.25,0 line
720p5000,625i5000,1.11,0 line
625i5000,625i5000,2.59,0 line
1080i5994,1080i5994,0.94,0 line
720p5994,1080i5994,1.2,0 line
525i5994,1080i5994,0.13,0 line
1080i5994,720p5994,0.9,0 line
720p5994,720p5994,1.33,0 line
525i5994,720p5994,0.16,0 line
1080i5994,1080p5994_A,1.07,  4 lines delayed
720p5994,1080p5994_A,0.21,0 line
525i5994,1080p5994_A,0.94,0 line
1080i5994,525i5994,3.33,0 line
720p5994,525i5994,3.4,0 line
525i5994,525i5994,2.51,0 line
1080i5000,1080i5000,0.88,0 line
720p5000,1080i5000,0.95,0 line
625i5000,1080i5000,0.09,0 line
1080i5000,720p5000,0.94,0 line
720p5000,720p5000,1.37,0 line
625i5000,720p5000,0.39,0 line
1080i5000,1080p5000_A,2.47,  4 lines delayed
720p5000,1080p5000_A,0.17,0 line
625i5000,1080p5000_A,2.27,222 lines advanced
1080i5000,625i5000,1.25,0 line
720p5000,625i5000,1.18,0 line
625i5000,625i5000,2.66,0 line
1080i5994,1080i5994,0.94,0 line
720p5994,1080i5994,0.94,0 line
525i5994,1080i5994,0.44,0 line
1080i5994,720p5994,0.91,0 line
720p5994,720p5994,0.87,0 line
525i5994,720p5994,0.09,0 line
1080i5994,1080p5994_A,0.22,110 lines delayed
720p5994,1080p5994_A,0.06,0 line
525i5994,1080p5994_A,0.74,0 line
1080i5994,525i5994,3.33,0 line
720p5994,525i5994,3.63,0 line
525i5994,525i5994,2.29,0 line
1080i5000,1080i5000,0.86,0 line
720p5000,1080i5000,1.17,0 line
625i5000,1080i5000,0.36,0 line
1080i5000,720p5000,0.95,0 line
720p5000,720p5000,0.95,0 line
625i5000,720p5000,0.09,0 line
1080i5000,1080p5000_A,2.8,  4 lines delayed
720p5000,1080p5000_A,8.75,0 line
625i5000,1080p5000_A,0.86,0 line
1080i5000,625i5000,1.33,0 line
720p5000,625i5000,1.11,0 line
625i5000,625i5000,3.4,0 line
1080i5994,1080i5994,0.95,0 line
720p5994,1080i5994,1.14,0 line
525i5994,1080i5994,0.06,0 line
1080i5994,720p5994,0.91,0 line
720p5994,720p5994,1.15,0 line
525i5994,720p5994,0.49,0 line
1080i5994,1080p5994_A,1.15,  4 lines delayed
720p5994,1080p5994_A,6.3,  4 lines delayed
525i5994,1080p5994_A,3.27,277 lines advanced
1080i5994,525i5994,3.77,0 line
720p5994,525i5994,3.85,0 line
525i5994,525i5994,2.66,0 line
1080i5000,1080i5000,0.87,0 line
720p5000,1080i5000,0.92,0 line
625i5000,1080i5000,0.17,0 line
1080i5000,720p5000,0.94,0 line
720p5000,720p5000,1.02,0 line
625i5000,720p5000,0.24,0 line
1080i5000,1080p5000_A,2.84,  4 lines delayed
720p5000,1080p5000_A,0.09,0 line
625i5000,1080p5000_A,7.39, 42 lines advanced
1080i5000,625i5000,1.25,0 line
720p5000,625i5000,0.96,0 line
625i5000,625i5000,2.66,0 line
1080i5994,1080i5994,0.93,0 line
720p5994,1080i5994,1.33,0 line
525i5994,1080i5994,0.16,0 line
1080i5994,720p5994,0.91,0 line
720p5994,720p5994,0.9,0 line
525i5994,720p5994,0.04,0 line
1080i5994,1080p5994_A,1.26,  4 lines delayed
720p5994,1080p5994_A,0.08,0 line
525i5994,1080p5994_A,0.26,242 lines advanced
720p5994,525i5994,3.7,0 line
525i5994,525i5994,2.51,0 line
1080i5000,1080i5000,0.87,0 line
720p5000,1080i5000,0.97,0 line
625i5000,1080i5000,0.6,0 line
1080i5000,720p5000,0.97,0 line
720p5000,720p5000,0.92,0 line
625i5000,720p5000,0.56,0 line
1080i5000,1080p5000_A,2.76,  4 lines delayed
720p5000,1080p5000_A,0.13,0 line
625i5000,1080p5000_A,0.7,0 line
1080i5000,625i5000,1.33,0 line
720p5000,625i5000,1.11,0 line
625i5000,625i5000,2.66,0 line
1080i5994,1080i5994,0.91,0 line
720p5994,1080i5994,1.22,0 line
525i5994,1080i5994,0.04,0 line
1080i5994,720p5994,0.91,0 line
720p5994,720p5994,1.34,0 line
525i5994,720p5994,0.09,0 line
1080i5994,1080p5994_A,1.49,  4 lines delayed
720p5994,1080p5994_A,5.31,159 lines delayed
525i5994,1080p5994_A,2.53,415 lines advanced
1080i5994,525i5994,3.33,0 line
720p5994,525i5994,3.63,0 line
525i5994,525i5994,2.44,0 line
1080i5000,1080i5000,0.87,0 line
720p5000,1080i5000,0.94,0 line
625i5000,1080i5000,0.2,0 line
1080i5000,720p5000,0.95,0 line
720p5000,720p5000,1.34,0 line
625i5000,720p5000,1.09,0 line
1080i5000,1080p5000_A,2.73,  4 lines delayed
720p5000,1080p5000_A,0.13,0 line
625i5000,1080p5000_A,7.81,189 lines delayed
1080i5000,625i5000,1.25,0 line
720p5000,625i5000,1.11,0 line
625i5000,625i5000,3.63,0 line
1080i5994,1080i5994,0.93,0 line
720p5994,1080i5994,0.63,0 line
525i5994,1080i5994,0.13,0 line
1080i5994,720p5994,0.89,0 line
720p5994,720p5994,0.94,0 line
525i5994,720p5994,0.47,0 line
1080i5994,1080p5994_A,6.2, 56 lines delayed
720p5994,1080p5994_A,2.09,266 lines delayed
525i5994,1080p5994_A,1.09,0 line
1080i5994,525i5994,3.33,0 line
720p5994,525i5994,3.85,0 line
525i5994,525i5994,2.37,0 line
1080i5000,1080i5000,0.88,0 line
720p5000,1080i5000,0.94,0 line
625i5000,1080i5000,0.16,0 line
1080i5000,720p5000,0.95,0 line
720p5000,720p5000,0.92,0 line
625i5000,720p5000,0.26,0 line
720p5000,1080p5000_A,6.24,  4 lines delayed
625i5000,1080p5000_A,4.7,  4 lines advanced
1080i5000,625i5000,1.33,0 line
720p5000,625i5000,1.11,0 line
625i5000,625i5000,2.51,0 line
1080i5994,1080i5994,0.93,0 line
720p5994,1080i5994,1.25,0 line
525i5994,1080i5994,0.14,0 line
1080i5994,720p5994,0.93,0 line
720p5994,720p5994,0.97,0 line
525i5994,720p5994,0.27,0 line
1080i5994,1080p5994_A,0.99,  4 lines delayed
720p5994,1080p5994_A,6.47,0 line
525i5994,1080p5994_A,0.95,0 line
1080i5994,525i5994,3.33,0 line
720p5994,525i5994,3.18,0 line
525i5994,525i5994,2.59,0 line
1080i5000,1080i5000,0.87,0 line
720p5000,1080i5000,0.95,0 line
625i5000,1080i5000,0.17,0 line
1080i5000,720p5000,0.94,0 line
720p5000,720p5000,1.01,0 line
625i5000,720p5000,0.31,0 line
1080i5000,1080p5000_A,0.18,0 line
720p5000,1080p5000_A,3.43, 76 lines advanced
625i5000,1080p5000_A,0.6,0 line
1080i5000,625i5000,1.25,0 line
720p5000,625i5000,1.11,0 line
625i5000,625i5000,2.81,0 line
1080i5994,1080i5994,0.93,0 line
720p5994,1080i5994,1.24,0 line
525i5994,1080i5994,0.12,0 line
1080i5994,720p5994,0.91,0 line
720p5994,720p5994,1.14,0 line
525i5994,720p5994,0.14,0 line
1080i5994,1080p5994_A,1.48,  4 lines delayed
720p5994,1080p5994_A,5.98,  4 lines delayed
525i5994,1080p5994_A,1.84,510 lines delayed
1080i5994,525i5994,3.33,0 line
720p5994,525i5994,3.48,0 line
525i5994,525i5994,2.51,0 line
1080i5000,1080i5000,0.88,0 line
720p5000,1080i5000,1.14,0 line
625i5000,1080i5000,0.12,0 line
1080i5000,720p5000,0.94,0 line
720p5000,720p5000,0.94,0 line
625i5000,720p5000,0.56,0 line
1080i5000,1080p5000_A,2.68,  4 lines delayed
720p5000,1080p5000_A,7.43,279 lines delayed
625i5000,1080p5000_A,0.76,281 lines delayed
1080i5000,625i5000,1.25,0 line
720p5000,625i5000,1.11,0 line
625i5000,625i5000,2.74,0 line
1080i5994,1080i5994,0.91,0 line
720p5994,1080i5994,1.3,0 line
525i5994,1080i5994,0.01,0 line
1080i5994,720p5994,0.9,0 line
720p5994,720p5994,0.79,0 line
525i5994,720p5994,0.04,0 line
1080i5994,1080p5994_A,6.25, 55 lines delayed
720p5994,1080p5994_A,0.13,0 line
525i5994,1080p5994_A,1.02,0 line
1080i5994,525i5994,3.33,0 line
720p5994,525i5994,3.4,0 line
525i5994,525i5994,2.74,0 line
1080i5000,1080i5000,0.87,0 line
720p5000,1080i5000,0.97,0 line
625i5000,1080i5000,0.4,0 line
1080i5000,720p5000,0.97,0 line
720p5000,720p5000,1.01,0 line
625i5000,720p5000,0.17,0 line
1080i5000,1080p5000_A,2.72,  4 lines delayed
720p5000,1080p5000_A,8.76,0 line
625i5000,1080p5000_A,0.56,  2 lines delayed
1080i5000,625i5000,1.25,0 line
720p5000,625i5000,1.18,0 line
625i5000,625i5000,2.66,0 line
1080i5994,1080i5994,0.94,0 line
720p5994,1080i5994,0.97,0 line
525i5994,1080i5994,0.36,0 line
1080i5994,720p5994,0.9,0 line
720p5994,720p5994,1.15,0 line
525i5994,720p5994,0.06,0 line
1080i5994,1080p5994_A,0.14,0 line
720p5994,1080p5994_A,7.32,0 line
525i5994,1080p5994_A,0.9,0 line
1080i5994,525i5994,3.33,0 line
720p5994,525i5994,3.33,0 line
525i5994,525i5994,2.59,0 line
1080i5000,1080i5000,2.59,0 line
720p5000,1080i5000,0.92,0 line
625i5000,1080i5000,0.02,0 line
1080i5000,720p5000,0.94,0 line
720p5000,720p5000,1.01,0 line
625i5000,720p5000,0.55,0 line
1080i5000,1080p5000_A,0.17,0 line
720p5000,1080p5000_A,8.76,0 line
625i5000,1080p5000_A,0.9,0 line
1080i5000,625i5000,1.25,0 line
720p5000,625i5000,1.11,0 line
625i5000,625i5000,2.81,0 line
1080i5994,1080i5994,0.93,0 line
720p5994,1080i5994,1.34,0 line
525i5994,1080i5994,0.01,0 line
1080i5994,720p5994,0.94,0 line
720p5994,720p5994,1.3,0 line
525i5994,720p5994,0.35,0 line
1080i5994,1080p5994_A,4.22, 73 lines delayed
720p5994,1080p5994_A,0.09,0 line
525i5994,1080p5994_A,1.1,0 line
1080i5994,525i5994,3.33,0 line
720p5994,525i5994,3.33,0 line
525i5994,525i5994,2.51,0 line
1080i5000,1080i5000,0.88,0 line
720p5000,1080i5000,0.91,0 line
625i5000,1080i5000,0.33,0 line
1080i5000,720p5000,0.94,0 line
720p5000,720p5000,0.92,0 line
625i5000,720p5000,0.22,0 line
720p5000,1080p5000_A,0.2,0 line
625i5000,1080p5000_A,3.52,285 lines advanced
1080i5000,625i5000,1.33,0 line
720p5000,625i5000,1.11,0 line
625i5000,625i5000,2.51,0 line
1080i5994,1080i5994,0.97,0 line
720p5994,1080i5994,1.18,0 line
525i5994,1080i5994,0.14,0 line
1080i5994,720p5994,0.9,0 line
720p5994,720p5994,0.71,0 line
525i5994,720p5994,0.06,0 line
1080i5994,1080p5994_A,0.14,0 line
720p5994,1080p5994_A,0.04,0 line
525i5994,1080p5994_A,0.66,176 lines advanced
1080i5994,525i5994,3.33,0 line
720p5994,525i5994,3.63,0 line
525i5994,525i5994,2.44,0 line
1080i5000,1080i5000,0.87,0 line
720p5000,1080i5000,0.98,0 line
625i5000,1080i5000,0.24,0 line
1080i5000,720p5000,0.97,0 line
720p5000,720p5000,1.01,0 line
625i5000,720p5000,0.12,0 line
1080i5000,1080p5000_A,0.17,0 line
720p5000,1080p5000_A,0.87,276 lines advanced
625i5000,1080p5000_A,5.84,179 lines delayed
1080i5000,625i5000,1.25,0 line
720p5000,625i5000,1.18,0 line
625i5000,625i5000,2.81,0 line
1080i5994,1080i5994,0.93,0 line
720p5994,1080i5994,1.33,0 line
525i5994,1080i5994,0.28,0 line
1080i5994,720p5994,0.94,0 line
720p5994,720p5994,1.15,0 line
525i5994,720p5994,0.18,0 line
1080i5994,1080p5994_A,1.11,  4 lines delayed
720p5994,1080p5994_A,0.09,0 line
525i5994,1080p5994_A,0.76,0 line
1080i5994,525i5994,3.33,0 line
720p5994,525i5994,3.25,0 line
525i5994,525i5994,2.44,0 line
1080i5000,1080i5000,0.88,0 line
720p5000,1080i5000,0.92,0 line
625i5000,1080i5000,0.24,0 line
1080i5000,720p5000,0.94,0 line
720p5000,720p5000,0.95,0 line
625i5000,720p5000,0.25,0 line
1080i5000,1080p5000_A,0.17,0 line
720p5000,1080p5000_A,8.76,0 line
625i5000,1080p5000_A,0.56,  2 lines delayed
1080i5000,625i5000,1.33,0 line
720p5000,625i5000,1.11,0 line
625i5000,625i5000,2.74,0 line
1080i5994,1080i5994,0.95,0 line
720p5994,1080i5994,1.3,0 line
525i5994,1080i5994,0.06,0 line
1080i5994,720p5994,0.91,0 line
720p5994,720p5994,0.79,0 line
525i5994,720p5994,0.04,0 line
1080i5994,1080p5994_A,1.14,  4 lines delayed
525i5994,1080p5994_A,0.97,0 line
1080i5994,525i5994,3.25,0 line
720p5994,525i5994,3.25,0 line
525i5994,525i5994,2.37,0 line
1080i5000,1080i5000,0.86,0 line
720p5000,1080i5000,1.11,0 line
625i5000,1080i5000,0.33,0 line
1080i5000,720p5000,0.95,0 line
720p5000,720p5000,0.88,0 line
625i5000,720p5000,0.51,0 line
1080i5000,1080p5000_A,2.78,  4 lines delayed
720p5000,1080p5000_A,0.39, 78 lines delayed
625i5000,1080p5000_A,0.87,0 line
1080i5000,625i5000,1.33,0 line
720p5000,625i5000,1.11,0 line
625i5000,625i5000,2.74,0 line
1080i5994,1080i5994,0.94,0 line
720p5994,1080i5994,0.99,0 line
525i5994,1080i5994,0.06,0 line
1080i5994,720p5994,0.87,0 line
720p5994,720p5994,1.24,0 line
525i5994,720p5994,0.06,0 line
1080i5994,1080p5994_A,0.13,0 line
720p5994,1080p5994_A,7.33,0 line
525i5994,1080p5994_A,4.54, 11 lines advanced
1080i5994,525i5994,3.33,0 line
720p5994,525i5994,3.55,0 line
525i5994,525i5994,2.81,0 line
1080i5000,1080i5000,2.88,0 line
720p5000,1080i5000,1.14,0 line
625i5000,1080i5000,0.17,0 line
1080i5000,720p5000,0.92,0 line
720p5000,720p5000,0.9,0 line
625i5000,720p5000,0.2,0 line
1080i5000,1080p5000_A,0.92, 50 lines delayed
720p5000,1080p5000_A,4.74, 56 lines advanced
625i5000,1080p5000_A,3.46, 54 lines advanced
1080i5000,625i5000,1.25,0 line
720p5000,625i5000,1.18,0 line
625i5000,625i5000,2.66,0 line
1080i5994,1080i5994,0.91,0 line
720p5994,1080i5994,1.21,0 line
525i5994,1080i5994,0.09,0 line
1080i5994,720p5994,0.91,0 line
720p5994,720p5994,1.01,0 line
525i5994,720p5994,0.2,0 line
1080i5994,1080p5994_A,1.06,  4 lines delayed
720p5994,1080p5994_A,0.06,0 line
525i5994,1080p5994_A,7.29, 21 lines delayed
1080i5994,525i5994,4.81,0 line
720p5994,525i5994,3.85,0 line
525i5994,525i5994,2.51,0 line
1080i5000,1080i5000,0.88,0 line
720p5000,1080i5000,0.92,0 line
625i5000,1080i5000,0.4,0 line
1080i5000,720p5000,0.94,0 line
720p5000,720p5000,0.9,0 line
625i5000,720p5000,0.24,0 line
720p5000,1080p5000_A,6.37,  4 lines delayed
625i5000,1080p5000_A,1.83,  6 lines delayed
1080i5000,625i5000,1.25,0 line
720p5000,625i5000,0.96,0 line
625i5000,625i5000,2.74,0 line
1080i5994,1080i5994,0.91,0 line
720p5994,1080i5994,1.26,0 line
525i5994,1080i5994,0.22,0 line
1080i5994,720p5994,0.91,0 line
720p5994,720p5994,1.24,0 line
525i5994,720p5994,0.2,0 line
1080i5994,1080p5994_A,1.32,  4 lines delayed
720p5994,1080p5994_A,6.14,  4 lines delayed
525i5994,1080p5994_A,3.11, 54 lines delayed
1080i5994,525i5994,3.4,0 line
720p5994,525i5994,3.7,0 line
525i5994,525i5994,2.44,0 line
1080i5000,1080i5000,0.87,0 line
720p5000,1080i5000,0.98,0 line
625i5000,1080i5000,0.22,0 line
1080i5000,720p5000,0.97,0 line
720p5000,720p5000,1.06,0 line
625i5000,720p5000,0.35,0 line
1080i5000,1080p5000_A,0.18,0 line
720p5000,1080p5000_A,0.2,0 line
625i5000,1080p5000_A,8.0,  2 lines delayed
1080i5000,625i5000,1.33,0 line
720p5000,625i5000,0.88,0 line
625i5000,625i5000,2.66,0 line
1080i5994,1080i5994,0.95,0 line
720p5994,1080i5994,1.26,0 line
525i5994,1080i5994,0.17,0 line
1080i5994,720p5994,0.89,0 line
720p5994,720p5994,1.18,0 line
525i5994,720p5994,0.16,0 line
1080i5994,1080p5994_A,1.4,  4 lines delayed
720p5994,1080p5994_A,0.01,  1 lines advanced
525i5994,1080p5994_A,0.68,176 lines advanced
1080i5994,525i5994,3.33,0 line
720p5994,525i5994,3.55,0 line
525i5994,525i5994,2.44,0 line
1080i5000,1080i5000,2.44,0 line
720p5000,1080i5000,0.91,0 line
625i5000,1080i5000,0.18,0 line
1080i5000,720p5000,0.94,0 line
720p5000,720p5000,0.88,0 line
625i5000,720p5000,0.2,0 line
1080i5000,1080p5000_A,1.49, 53 lines delayed
720p5000,1080p5000_A,0.21,0 line
625i5000,1080p5000_A,7.98,  2 lines delayed
1080i5000,625i5000,1.33,0 line
720p5000,625i5000,1.18,0 line
625i5000,625i5000,2.66,0 line
1080i5994,1080i5994,0.91,0 line
720p5994,1080i5994,1.29,0 line
525i5994,1080i5994,0.47,0 line
1080i5994,720p5994,0.87,0 line
720p5994,720p5994,1.25,0 line
525i5994,720p5994,0.39,0 line
1080i5994,1080p5994_A,0.94,  4 lines delayed
720p5994,1080p5994_A,0.01,  1 lines advanced
525i5994,1080p5994_A,2.5,289 lines advanced
720p5994,525i5994,3.25,0 line
525i5994,525i5994,3.25,0 line
1080i5000,1080i5000,0.87,0 line
720p5000,1080i5000,0.97,0 line
625i5000,1080i5000,0.22,0 line
1080i5000,720p5000,0.95,0 line
720p5000,720p5000,1.29,0 line
625i5000,720p5000,0.82,0 line
1080i5000,1080p5000_A,0.53, 58 lines delayed
720p5000,1080p5000_A,3.09, 90 lines delayed
625i5000,1080p5000_A,5.1, 92 lines delayed
1080i5000,625i5000,1.33,0 line
720p5000,625i5000,1.03,0 line
625i5000,625i5000,3.03,0 line
1080i5994,1080i5994,0.93,0 line
720p5994,1080i5994,1.11,0 line
525i5994,1080i5994,0.32,0 line
1080i5994,720p5994,0.91,0 line
720p5994,720p5994,1.33,0 line
525i5994,720p5994,0.02,0 line
1080i5994,1080p5994_A,0.17,0 line
720p5994,1080p5994_A,1.69,211 lines delayed
525i5994,1080p5994_A,0.93,0 line
1080i5994,525i5994,3.33,0 line
720p5994,525i5994,3.11,0 line
525i5994,525i5994,2.44,0 line
1080i5000,1080i5000,0.87,0 line
720p5000,1080i5000,0.97,0 line
625i5000,1080i5000,0.51,0 line
1080i5000,720p5000,0.95,0 line
720p5000,720p5000,0.88,0 line
625i5000,720p5000,0.09,0 line
1080i5000,1080p5000_A,2.81,  4 lines delayed
720p5000,1080p5000_A,0.17,0 line
625i5000,1080p5000_A,8.37,  2 lines delayed
1080i5000,625i5000,1.25,0 line
720p5000,625i5000,1.11,0 line
625i5000,625i5000,2.51,0 line
1080i5994,1080i5994,0.94,0 line
720p5994,1080i5994,0.86,0 line
1080i5994,720p5994,0.93,0 line
720p5994,720p5994,1.18,0 line
525i5994,720p5994,0.05,0 line
1080i5994,1080p5994_A,1.53,  4 lines delayed
720p5994,1080p5994_A,0.06,0 line
525i5994,1080p5994_A,4.9,228 lines advanced
1080i5994,525i5994,3.25,0 line
720p5994,525i5994,3.92,0 line
525i5994,525i5994,2.51,0 line
1080i5000,1080i5000,0.88,0 line
720p5000,1080i5000,0.92,0 line
625i5000,1080i5000,0.14,0 line
1080i5000,720p5000,0.94,0 line
720p5000,720p5000,1.05,0 line
625i5000,720p5000,0.25,0 line
1080i5000,1080p5000_A,0.17,0 line
720p5000,1080p5000_A,8.76,0 line
625i5000,1080p5000_A,3.38,440 lines advanced
1080i5000,625i5000,1.25,0 line
720p5000,625i5000,1.18,0 line
625i5000,625i5000,2.81,0 line
1080i5994,1080i5994,0.93,0 line
720p5994,1080i5994,1.29,0 line
525i5994,1080i5994,0.29,0 line
1080i5994,720p5994,0.9,0 line
720p5994,720p5994,1.22,0 line
525i5994,720p5994,0.12,0 line
1080i5994,1080p5994_A,1.49,  4 lines delayed
720p5994,1080p5994_A,2.81,108 lines advanced
525i5994,1080p5994_A,5.73, 46 lines delayed
1080i5994,525i5994,3.33,0 line
720p5994,525i5994,3.11,0 line
525i5994,525i5994,2.59,0 line
1080i5000,1080i5000,2.59,0 line
720p5000,1080i5000,1.13,0 line
625i5000,1080i5000,0.21,0 line
1080i5000,720p5000,0.94,0 line
720p5000,720p5000,1.32,0 line
625i5000,720p5000,1.05,0 line
1080i5000,1080p5000_A,0.17,0 line
720p5000,1080p5000_A,0.14,0 line
625i5000,1080p5000_A,0.91,0 line
1080i5000,625i5000,1.25,0 line
720p5000,625i5000,0.88,0 line
625i5000,625i5000,2.66,0 line
1080i5994,1080i5994,0.91,0 line
720p5994,1080i5994,1.33,0 line
525i5994,1080i5994,0.25,0 line
1080i5994,720p5994,0.89,0 line
720p5994,720p5994,0.79,0 line
525i5994,720p5994,0.13,0 line
1080i5994,1080p5994_A,1.41,  4 lines delayed
720p5994,1080p5994_A,7.32,0 line
525i5994,1080p5994_A,0.95,0 line
1080i5994,525i5994,3.33,0 line
720p5994,525i5994,4.07,0 line
525i5994,525i5994,2.74,0 line
1080i5000,1080i5000,0.88,0 line
720p5000,1080i5000,0.98,0 line
625i5000,1080i5000,0.18,0 line
1080i5000,720p5000,0.92,0 line
720p5000,720p5000,0.91,0 line
625i5000,720p5000,0.22,0 line
720p5000,1080p5000_A,6.2,  4 lines delayed
625i5000,1080p5000_A,0.88,0 line
720p5000,625i5000,1.03,0 line
625i5000,625i5000,2.74,0 line
1080i5994,1080i5994,0.95,0 line
720p5994,1080i5994,1.21,0 line
525i5994,1080i5994,0.13,0 line
1080i5994,720p5994,0.9,0 line
720p5994,720p5994,0.94,0 line
525i5994,720p5994,0.22,0 line
1080i5994,1080p5994_A,1.29,  4 lines delayed
720p5994,1080p5994_A,0.05,0 line
525i5994,1080p5994_A,0.99,0 line
1080i5994,525i5994,3.33,0 line
720p5994,525i5994,3.85,0 line
525i5994,525i5994,2.51,0 line
1080i5000,1080i5000,0.86,0 line
720p5000,1080i5000,1.1,0 line
625i5000,1080i5000,0.7,0 line
1080i5000,720p5000,0.94,0 line
720p5000,720p5000,0.95,0 line
625i5000,720p5000,0.18,0 line
1080i5000,1080p5000_A,4.31, 55 lines delayed
720p5000,1080p5000_A,4.63, 55 lines delayed
625i5000,1080p5000_A,0.74,0 line
1080i5000,625i5000,1.33,0 line
720p5000,625i5000,1.11,0 line
625i5000,625i5000,2.66,0 line
1080i5994,1080i5994,0.94,0 line
720p5994,1080i5994,0.99,0 line
525i5994,1080i5994,0.06,0 line
1080i5994,720p5994,0.9,0 line
720p5994,720p5994,0.74,0 line
525i5994,720p5994,0.01,0 line
1080i5994,1080p5994_A,0.14,0 line
720p5994,1080p5994_A,7.32,0 line
525i5994,1080p5994_A,1.06, 35 lines delayed
1080i5994,525i5994,3.33,0 line
720p5994,525i5994,3.18,0 line
525i5994,525i5994,2.59,0 line
1080i5000,1080i5000,0.88,0 line
720p5000,1080i5000,0.92,0 line
625i5000,1080i5000,0.41,0 line
1080i5000,720p5000,0.92,0 line
720p5000,720p5000,0.91,0 line
625i5000,720p5000,0.2,0 line
1080i5000,1080p5000_A,2.7,  4 lines delayed
720p5000,1080p5000_A,0.16,0 line
625i5000,1080p5000_A,0.84,0 line
1080i5000,625i5000,1.25,0 line
720p5000,625i5000,0.96,0 line
625i5000,625i5000,2.66,0 line
1080i5994,1080i5994,0.93,0 line
720p5994,1080i5994,0.66,0 line
525i5994,1080i5994,0.06,0 line
1080i5994,720p5994,0.87,0 line
720p5994,720p5994,1.03,0 line
525i5994,720p5994,0.05,0 line
1080i5994,1080p5994_A,0.98,  4 lines delayed
720p5994,1080p5994_A,0.1,0 line
525i5994,1080p5994_A,1.03,0 line
1080i5994,525i5994,3.33,0 line
720p5994,525i5994,3.11,0 line
525i5994,525i5994,2.44,0 line
1080i5000,1080i5000,0.86,0 line
720p5000,1080i5000,0.98,0 line
625i5000,1080i5000,0.39,0 line
1080i5000,720p5000,0.95,0 line
720p5000,720p5000,0.94,0 line
625i5000,720p5000,1.11,0 line
720p5000,1080p5000_A,8.76,0 line
625i5000,1080p5000_A,5.92,  4 lines advanced
1080i5000,625i5000,1.33,0 line
720p5000,625i5000,1.18,0 line
625i5000,625i5000,3.03,0 line
1080i5994,1080i5994,0.97,0 line
720p5994,1080i5994,0.74,0 line
525i5994,1080i5994,0.04,0 line
1080i5994,720p5994,0.87,0 line
720p5994,720p5994,0.91,0 line
525i5994,720p5994,0.1,0 line
1080i5994,1080p5994_A,2.02, 55 lines delayed
720p5994,1080p5994_A,2.69, 70 lines delayed
525i5994,1080p5994_A,0.87,0 line
1080i5994,525i5994,3.33,0 line
720p5994,525i5994,3.18,0 line
525i5994,525i5994,2.51,0 line
1080i5000,1080i5000,0.87,0 line
720p5000,1080i5000,0.95,0 line
625i5000,1080i5000,0.43,0 line
1080i5000,720p5000,0.95,0 line
720p5000,720p5000,0.94,0 line
625i5000,720p5000,0.53,0 line
1080i5000,1080p5000_A,2.72,  4 lines delayed
720p5000,1080p5000_A,6.22,  4 lines delayed
625i5000,1080p5000_A,7.66,301 lines delayed
1080i5000,625i5000,1.33,0 line
720p5000,625i5000,1.03,0 line
625i5000,625i5000,2.88,0 line
1080i5994,1080i5994,0.91,0 line
720p5994,1080i5994,0.98,0 line
525i5994,1080i5994,0.16,0 line
1080i5994,720p5994,0.87,0 line
720p5994,720p5994,1.18,0 line
525i5994,720p5994,0.17,0 line
1080i5994,1080p5994_A,5.48, 55 lines delayed
720p5994,1080p5994_A,2.4, 42 lines delayed
525i5994,1080p5994_A,0.91,0 line
1080i5994,525i5994,3.4,0 line
720p5994,525i5994,3.55,0 line
525i5994,525i5994,2.44,0 line
1080i5000,1080i5000,0.87,0 line
720p5000,1080i5000,0.94,0 line
625i5000,1080i5000,0.21,0 line
1080i5000,720p5000,0.95,0 line
720p5000,720p5000,0.95,0 line
625i5000,720p5000,0.1,0 line
1080i5000,1080p5000_A,2.8,  4 lines delayed
720p5000,1080p5000_A,0.1,0 line
625i5000,1080p5000_A,8.64,313 lines delayed
1080i5000,625i5000,1.25,0 line
720p5000,625i5000,1.11,0 line
625i5000,625i5000,2.66,0 line
1080i5994,1080i5994,0.93,0 line
720p5994,1080i5994,1.37,0 line
525i5994,1080i5994,0.02,0 line
1080i5994,720p5994,0.89,0 line
720p5994,720p5994,1.25,0 line
525i5994,720p5994,0.12,0 line
1080i5994,1080p5994_A,1.37,  4 lines delayed
720p5994,1080p5994_A,0.01,0 line
525i5994,1080p5994_A,1.07,0 line
1080i5994,525i5994,4.82,0 line
720p5994,525i5994,3.11,0 line
525i5994,525i5994,2.66,0 line
1080i5000,1080i5000,2.66,0 line
720p5000,1080i5000,0.95,0 line
625i5000,1080i5000,0.17,0 line
1080i5000,720p5000,0.94,0 line
720p5000,720p5000,1.26,0 line
625i5000,720p5000,0.18,0 line
1080i5000,1080p5000_A,2.84,  4 lines delayed
720p5000,1080p5000_A,6.1,  4 lines delayed
625i5000,1080p5000_A,0.76,452 lines delayed
1080i5000,625i5000,1.25,0 line
720p5000,625i5000,1.11,0 line
625i5000,625i5000,2.66,0 line
1080i5994,1080i5994,0.94,0 line
720p5994,1080i5994,0.95,0 line
525i5994,1080i5994,0.06,0 line
1080i5994,720p5994,0.91,0 line
720p5994,720p5994,1.11,0 line
525i5994,720p5994,0.35,0 line
1080i5994,1080p5994_A,3.57, 23 lines delayed
720p5994,1080p5994_A,0.25,0 line
525i5994,1080p5994_A,0.74,0 line
1080i5994,525i5994,3.57,0 line
720p5994,525i5994,3.63,0 line
525i5994,525i5994,2.29,0 line
1080i5000,1080i5000,0.88,0 line
720p5000,1080i5000,0.97,0 line
625i5000,1080i5000,0.17,0 line
1080i5000,720p5000,0.95,0 line
720p5000,720p5000,0.92,0 line
625i5000,720p5000,0.47,0 line
1080i5000,1080p5000_A,2.84,  4 lines delayed
720p5000,1080p5000_A,6.1,  4 lines delayed
625i5000,1080p5000_A,0.82,0 line
1080i5000,625i5000,1.25,0 line
720p5000,625i5000,1.11,0 line
625i5000,625i5000,2.74,0 line
1080i5994,1080i5994,0.94,0 line
720p5994,1080i5994,1.06,0 line
525i5994,1080i5994,0.29,0 line
1080i5994,720p5994,0.9,0 line
720p5994,720p5994,0.99,0 line
525i5994,720p5994,0.12,0 line
1080i5994,1080p5994_A,6.95, 57 lines delayed
525i5994,1080p5994_A,1.09,0 line
1080i5994,525i5994,3.25,0 line
720p5994,525i5994,3.18,0 line
525i5994,525i5994,2.37,0 line
1080i5000,1080i5000,0.87,0 line
720p5000,1080i5000,0.94,0 line
625i5000,1080i5000,0.17,0 line
1080i5000,720p5000,0.92,0 line
720p5000,720p5000,1.01,0 line
625i5000,720p5000,0.18,0 line
1080i5000,1080p5000_A,2.73,  4 lines delayed
720p5000,1080p5000_A,6.1,196 lines advanced
625i5000,1080p5000_A,0.91,0 line
1080i5000,625i5000,1.25,0 line
720p5000,625i5000,1.11,0 line
625i5000,625i5000,2.74,0 line
1080i5994,1080i5994,0.93,0 line
720p5994,1080i5994,1.13,0 line
525i5994,1080i5994,0.1,0 line
1080i5994,720p5994,0.89,0 line
720p5994,720p5994,1.33,0 line
525i5994,720p5994,0.01,0 line
525i5994,1080p5994_A,5.04, 93 lines advanced
1080i5994,525i5994,3.33,0 line
720p5994,525i5994,4.0,0 line
525i5994,525i5994,2.59,0 line
1080i5000,1080i5000,0.87,0 line
720p5000,1080i5000,0.92,0 line
625i5000,1080i5000,0.02,0 line
1080i5000,720p5000,0.94,0 line
720p5000,720p5000,0.9,0 line
625i5000,720p5000,0.06,0 line
1080i5000,1080p5000_A,0.17,0 line
720p5000,1080p5000_A,0.13,0 line
625i5000,1080p5000_A,8.33,  2 lines delayed
1080i5000,625i5000,1.33,0 line
720p5000,625i5000,1.11,0 line
625i5000,625i5000,2.74,0 line
1080i5994,1080i5994,0.9,0 line
720p5994,1080i5994,1.2,0 line
1080i5994,720p5994,0.91,0 line
720p5994,720p5994,1.26,0 line
525i5994,720p5994,0.09,0 line
1080i5994,1080p5994_A,1.32,  4 lines delayed
720p5994,1080p5994_A,0.53,259 lines delayed
525i5994,1080p5994_A,7.1,283 lines advanced
1080i5994,525i5994,3.33,0 line
720p5994,525i5994,3.85,0 line
525i5994,525i5994,2.66,0 line
1080i5000,1080i5000,0.88,0 line
720p5000,1080i5000,1.11,0 line
625i5000,1080i5000,0.84,0 line
1080i5000,720p5000,0.95,0 line
720p5000,720p5000,0.88,0 line
625i5000,720p5000,0.24,0 line
1080i5000,1080p5000_A,2.84,  4 lines delayed
720p5000,1080p5000_A,0.2,0 line
625i5000,1080p5000_A,4.6,136 lines advanced
1080i5000,625i5000,1.25,0 line
720p5000,625i5000,1.11,0 line
625i5000,625i5000,2.66,0 line
1080i5994,1080i5994,0.93,0 line
720p5994,1080i5994,1.33,0 line
525i5994,1080i5994,0.17,0 line
1080i5994,720p5994,0.91,0 line
720p5994,720p5994,0.72,0 line
1080i5994,1080p5994_A,1.38,  4 lines delayed
720p5994,1080p5994_A,0.01,0 line
525i5994,1080p5994_A,2.44, 16 lines delayed
1080i5994,525i5994,3.33,0 line
720p5994,525i5994,3.11,0 line
525i5994,525i5994,2.51,0 line
1080i5000,1080i5000,0.87,0 line
720p5000,1080i5000,0.98,0 line
625i5000,1080i5000,0.04,0 line
1080i5000,720p5000,0.97,0 line
720p5000,720p5000,0.95,0 line
625i5000,720p5000,0.22,0 line
1080i5000,1080p5000_A,0.17,0 line
720p5000,1080p5000_A,3.43,111 lines advanced
625i5000,1080p5000_A,3.67,121 lines advanced
1080i5000,625i5000,1.25,0 line
720p5000,625i5000,1.11,0 line
625i5000,625i5000,2.74,0 line
1080i5994,1080i5994,0.93,0 line
720p5994,1080i5994,1.34,0 line
525i5994,1080i5994,0.09,0 line
1080i5994,720p5994,0.93,0 line
720p5994,720p5994,1.29,0 line
525i5994,720p5994,0.32,0 line
1080i5994,1080p5994_A,1.2,  4 lines delayed
720p5994,1080p5994_A,0.08,0 line
525i5994,1080p5994_A,0.68,124 lines advanced
1080i5994,525i5994,3.33,0 line
720p5994,525i5994,3.4,0 line
525i5994,525i5994,2.44,0 line
1080i5000,1080i5000,0.87,0 line
720p5000,1080i5000,1.13,0 line
625i5000,1080i5000,0.86,0 line
1080i5000,720p5000,0.97,0 line
720p5000,720p5000,1.25,0 line
625i5000,720p5000,0.51,0 line
1080i5000,1080p5000_A,2.49,  4 lines delayed
720p5000,1080p5000_A,0.08,0 line
625i5000,1080p5000_A,8.47,131 lines advanced
1080i5000,625i5000,1.25,0 line
720p5000,625i5000,0.96,0 line
625i5000,625i5000,3.63,0 line
1080i5994,1080i5994,0.94,0 line
720p5994,1080i5994,1.3,0 line
525i5994,1080i5994,0.04,0 line
1080i5994,720p5994,0.87,0 line
720p5994,720p5994,1.21,0 line
525i5994,720p5994,0.14,0 line
1080i5994,1080p5994_A,0.13,0 line
720p5994,1080p5994_A,0.08,0 line
525i5994,1080p5994_A,1.07,0 line
1080i5994,525i5994,3.33,0 line
720p5994,525i5994,3.77,0 line
525i5994,525i5994,2.29,0 line
1080i5000,1080i5000,0.87,0 line
720p5000,1080i5000,1.01,0 line
625i5000,1080i5000,0.2,0 line
1080i5000,720p5000,0.95,0 line
720p5000,720p5000,0.94,0 line
625i5000,720p5000,0.24,0 line
1080i5000,1080p5000_A,0.17,0 line
720p5000,1080p5000_A,8.78,0 line
625i5000,1080p5000_A,0.92,0 line
1080i5000,625i5000,1.33,0 line
720p5000,625i5000,1.11,0 line
625i5000,625i5000,2.66,0 line
1080i5994,1080i5994,0.93,0 line
720p5994,1080i5994,1.15,0 line
525i5994,1080i5994,0.06,0 line
1080i5994,720p5994,0.94,0 line
720p5994,720p5994,1.22,0 line
525i5994,720p5994,0.04,0 line
1080i5994,1080p5994_A,1.06,  4 lines delayed
720p5994,1080p5994_A,7.33,0 line
525i5994,1080p5994_A,4.26,121 lines advanced
1080i5994,525i5994,3.33,0 line
720p5994,525i5994,3.92,0 line
525i5994,525i5994,2.51,0 line
1080i5000,1080i5000,0.86,0 line
720p5000,1080i5000,1.13,0 line
625i5000,1080i5000,0.4,0 line
1080i5000,720p5000,0.94,0 line
720p5000,720p5000,0.97,0 line
625i5000,720p5000,0.71,0 line
1080i5000,1080p5000_A,2.54,  4 lines delayed
720p5000,1080p5000_A,0.08,0 line
625i5000,1080p5000_A,0.83,0 line
1080i5000,625i5000,1.33,0 line
720p5000,625i5000,0.88,0 line
625i5000,625i5000,2.59,0 line
1080i5994,1080i5994,0.91,0 line
720p5994,1080i5994,0.99,0 line
525i5994,1080i5994,0.48,0 line
1080i5994,720p5994,0.93,0 line
720p5994,720p5994,1.28,0 line
525i5994,720p5994,0.37,0 line
1080i5994,1080p5994_A,1.46,0 line
720p5994,1080p5994_A,0.08,0 line
525i5994,1080p5994_A,0.75,0 line
1080i5994,525i5994,3.33,0 line
720p5994,525i5994,4.0,0 line
525i5994,525i5994,2.96,0 line
1080i5000,1080i5000,0.88,0 line
720p5000,1080i5000,0.99,0 line
625i5000,1080i5000,0.21,0 line
1080i5000,720p5000,0.95,0 line
720p5000,720p5000,1.1,0 line
625i5000,720p5000,0.12,0 line
1080i5000,1080p5000_A,2.72,  4 lines delayed
720p5000,1080p5000_A,0.12,0 line
625i5000,1080p5000_A,0.6,0 line
1080i5000,625i5000,1.33,0 line
720p5000,625i5000,1.11,0 line
625i5000,625i5000,2.59,0 line
1080i5994,1080i5994,0.93,0 line
720p5994,1080i5994,1.26,0 line
525i5994,1080i5994,0.01,0 line
1080i5994,720p5994,0.87,0 line
720p5994,720p5994,0.68,0 line
525i5994,720p5994,0.08,0 line
1080i5994,1080p5994_A,1.13,  4 lines delayed
720p5994,1080p5994_A,0.02,0 line
525i5994,1080p5994_A,4.61, 11 lines advanced
1080i5994,525i5994,3.33,0 line
720p5994,525i5994,3.4,0 line
525i5994,525i5994,2.44,0 line
1080i5000,1080i5000,0.86,0 line
720p5000,1080i5000,0.91,0 line
625i5000,1080i5000,0.17,0 line
1080i5000,720p5000,0.94,0 line
720p5000,720p5000,1.03,0 line
625i5000,720p5000,0.06,0 line
1080i5000,1080p5000_A,2.73,  4 lines delayed
720p5000,1080p5000_A,0.2,0 line
625i5000,1080p5000_A,6.98,537 lines advanced
1080i5000,625i5000,1.33,0 line
720p5000,625i5000,1.18,0 line
625i5000,625i5000,2.74,0 line
1080i5994,1080i5994,0.94,0 line
720p5994,1080i5994,1.33,0 line
525i5994,1080i5994,0.17,0 line
1080i5994,720p5994,0.9,0 line
720p5994,720p5994,1.03,0 line
525i5994,720p5994,0.18,0 line
1080i5994,1080p5994_A,0.12,0 line
720p5994,1080p5994_A,0.01,0 line
525i5994,1080p5994_A,1.07,0 line
1080i5994,525i5994,3.33,0 line
720p5994,525i5994,3.4,0 line
525i5994,525i5994,2.66,0 line
1080i5000,1080i5000,0.87,0 line
720p5000,1080i5000,0.97,0 line
625i5000,1080i5000,0.28,0 line
1080i5000,720p5000,0.97,0 line
720p5000,720p5000,0.92,0 line
625i5000,720p5000,0.16,0 line
1080i5000,1080p5000_A,2.7,  4 lines delayed
720p5000,1080p5000_A,0.08,0 line
625i5000,1080p5000_A,6.35,180 lines advanced
1080i5000,625i5000,1.33,0 line
720p5000,625i5000,1.11,0 line
625i5000,625i5000,2.59,0 line
1080i5994,1080i5994,24.5,0 line
720p5994,1080i5994,0.78,0 line
525i5994,1080i5994,0.16,0 line
1080i5994,720p5994,0.9,0 line
720p5994,720p5994,1.33,0 line
525i5994,720p5994,0.18,0 line
1080i5994,1080p5994_A,1.53,  4 lines delayed
720p5994,1080p5994_A,0.2,0 line
525i5994,1080p5994_A,0.67,176 lines advanced
1080i5994,525i5994,3.33,0 line
720p5994,525i5994,3.63,0 line
525i5994,525i5994,2.59,0 line
1080i5000,1080i5000,0.87,0 line
720p5000,1080i5000,0.97,0 line
625i5000,1080i5000,0.21,0 line
1080i5000,720p5000,0.95,0 line
720p5000,720p5000,0.92,0 line
625i5000,720p5000,0.24,0 line
720p5000,1080p5000_A,0.21,0 line
625i5000,1080p5000_A,2.82, 31 lines advanced
1080i5000,625i5000,1.25,0 line
720p5000,625i5000,1.11,0 line
625i5000,625i5000,2.74,0 line
1080i5994,1080i5994,0.94,0 line
720p5994,1080i5994,0.86,0 line
525i5994,1080i5994,0.04,0 line
1080i5994,720p5994,0.91,0 line
720p5994,720p5994,1.3,0 line
525i5994,720p5994,0.33,0 line
1080i5994,1080p5994_A,0.97,  4 lines delayed
720p5994,1080p5994_A,3.2,106 lines delayed
525i5994,1080p5994_A,0.89,0 line
1080i5994,525i5994,3.33,0 line
720p5994,525i5994,3.7,0 line
525i5994,525i5994,2.37,0 line
1080i5000,1080i5000,0.87,0 line
720p5000,1080i5000,0.91,0 line
625i5000,1080i5000,0.95,0 line
1080i5000,720p5000,0.94,0 line
720p5000,720p5000,0.95,0 line
625i5000,720p5000,0.36,0 line
1080i5000,1080p5000_A,0.02, 47 lines delayed
720p5000,1080p5000_A,8.75,0 line
625i5000,1080p5000_A,8.31,  2 lines delayed
1080i5000,625i5000,1.25,0 line
720p5000,625i5000,0.96,0 line
625i5000,625i5000,3.55,0 line
